Accession #,Site,Type,Image_1,Image_2,Image_3,Image_4,Image_5,Image_6,Match_Confidence,Notes
209,Valencina,AXE,Montefrío/Raw/209 (1).JPG,Montefrío/Raw/209 (2).JPG,Montefrío/Raw/209 (3).JPG,,,,Medium,
266-1,Montefrío,AXE,Montefrío/Raw/266-1 (1).JPG,Montefrío/Raw/266-1 (2).JPG,Montefrío/Raw/266-1 (3).JPG,,,,High,
3405,Montefrío,AXE,Montefrío/Raw/3405 (1).JPG,Montefrío/Raw/3405 (2).JPG,Montefrío/Raw/3405 (3).JPG,,,,High,
61027,Montefrío,AXE,Montefrío/Raw/61027 (1).JPG,Montefrío/Raw/61027 (2).JPG,Montefrío/Raw/61027 (3).JPG,,,,High,
61187,Montefrío,AXE,Montefrío/Raw/61187 (1).JPG,Montefrío/Raw/61187 (2).JPG,,,,,High,
61272,Montefrío,AXE,Montefrío/Raw/61272 (1).JPG,Montefrío/Raw/61272 (2).JPG,Montefrío/Raw/61272 (3).JPG,,,,High,
61300,Montefrío,AXE,Montefrío/Raw/61300 (1).JPG,Montefrío/Raw/61300 (2).JPG,Montefrío/Raw/61300 (3).JPG,,,,High,
61304,Montefrío,AXE,Montefrío/Raw/61304 (1).JPG,Montefrío/Raw/61304 (2).JPG,Montefrío/Raw/61304 (3).JPG,,,,High,
61506,Montefrío,AXE,Montefrío/Raw/61506 (1).JPG,Montefrío/Raw/61506 (2).JPG,Montefrío/Raw/61506 (3).JPG,,,,High,
6155-1,Montefrío,AXE,Montefrío/Raw/6155-1 (1).JPG,Montefrío/Raw/6155-1 (2).JPG,Montefrío/Raw/6155-1 (3).JPG,,,,High,
6155-11,Montefrío,PPUL,Montefrío/Raw/6155-11 (1).JPG,Montefrío/Raw/6155-11 (2).JPG,Montefrío/Raw/6155-11 (3).JPG,,,,High,
6155-19,Montefrío,AXE,Montefrío/Raw/6155-19 (1).JPG,Montefrío/Raw/6155-19 (2).JPG,Montefrío/Raw/6155-19 (3).JPG,,,,High,
6155-2,Montefrío,AXE,Montefrío/Raw/6155-2 (1).JPG,Montefrío/Raw/6155-2 (2).JPG,Montefrío/Raw/6155-2 (3).JPG,,,,High,
6155-21,Montefrío,AXE,Montefrío/Raw/6155-21 (1).JPG,Montefrío/Raw/6155-21 (2).JPG,Montefrío/Raw/6155-21 (3).JPG,,,,High,
6155-22,Montefrío,AXE,Montefrío/Raw/6155-22 (1).JPG,Montefrío/Raw/6155-22 (2).JPG,Montefrío/Raw/6155-22 (3).JPG,,,,High,
6155-24,Montefrío,PPUL,Montefrío/Raw/6155-24 (1).JPG,Montefrío/Raw/6155-24 (2).JPG,Montefrío/Raw/6155-24 (3).JPG,,,,High,
6155-3,Montefrío,AXE,Montefrío/Raw/6155-3 (1).JPG,Montefrío/Raw/6155-3 (2).JPG,Montefrío/Raw/6155-3 (3).JPG,,,,High,
6155-4,Montefrío,AXE,Montefrío/Raw/6155-4 (1).JPG,Montefrío/Raw/6155-4 (2).JPG,Montefrío/Raw/6155-4 (3).JPG,,,,High,
6155-7,Montefrío,AXE,Montefrío/Raw/6155-7 (1).JPG,Montefrío/Raw/6155-7 (2).JPG,Montefrío/Raw/6155-7 (3).JPG,,,,High,
61681,Montefrío,AXE,Montefrío/Raw/61681 (1).JPG,Montefrío/Raw/61681 (2).JPG,Montefrío/Raw/61681 (3).JPG,,,,High,
61810,Montefrío,AXE,Montefrío/Raw/61810 (1).JPG,Montefrío/Raw/61810 (2).JPG,Montefrío/Raw/61810 (3).JPG,,,,High,
61945,Montefrío,AXE,Montefrío/Raw/61945 (1).JPG,Montefrío/Raw/61945 (2).JPG,Montefrío/Raw/61945 (3).JPG,,,,High,
6199-1,Montefrío,AXE,Montefrío/Raw/6199-1 (1).JPG,Montefrío/Raw/6199-1 (2).JPG,Montefrío/Raw/6199-1 (3).JPG,,,,High,
62057,Montefrío,AXE,Montefrío/Raw/62057 (1).JPG,Montefrío/Raw/62057 (2).JPG,Montefrío/Raw/62057 (3).JPG,,,,High,
62068,Montefrío,AXE,Montefrío/Raw/62068 (1).JPG,Montefrío/Raw/62068 (2).JPG,Montefrío/Raw/62068 (3).JPG,,,,High,
62103,Montefrío,AXE,Montefrío/Raw/62103 (1).JPG,Montefrío/Raw/62103 (2).JPG,Montefrío/Raw/62103 (3).JPG,,,,High,
62133,Montefrío,AXE,Montefrío/Raw/62133 (1).JPG,Montefrío/Raw/62133 (2).JPG,Montefrío/Raw/62133 (3).JPG,,,,High,
62343,Montefrío,AXE,Montefrío/Raw/62343 (1).JPG,Montefrío/Raw/62343 (2).JPG,Montefrío/Raw/62343 (3).JPG,,,,High,
62389,Montefrío,AXE,Montefrío/Raw/62389 (1).JPG,Montefrío/Raw/62389 (2).JPG,Montefrío/Raw/62389 (3).JPG,,,,High,
62660,Montefrío,AXE,Montefrío/Raw/62660 (1).JPG,Montefrío/Raw/62660 (2).JPG,Montefrío/Raw/62660 (3).JPG,,,,High,
63008,Montefrío,AXE,Montefrío/Raw/63008 (1).JPG,Montefrío/Raw/63008 (2).JPG,Montefrío/Raw/63008 (3).JPG,,,,High,
63450,Montefrío,AXE,Montefrío/Raw/63450 (1).JPG,Montefrío/Raw/63450 (2).JPG,Montefrío/Raw/63450 (3).JPG,,,,High,
63452,Montefrío,AXE,Montefrío/Raw/63452 (1).JPG,Montefrío/Raw/63452 (2).JPG,Montefrío/Raw/63452 (3).JPG,,,,High,
63482,Montefrío,AXE,Montefrío/Raw/63482 (1).JPG,Montefrío/Raw/63482 (2).JPG,Montefrío/Raw/63482 (3).JPG,,,,High,
63503,Montefrío,AXE,Montefrío/Raw/63503 (1).JPG,Montefrío/Raw/63503 (2).JPG,Montefrío/Raw/63503 (3).JPG,,,,High,
63592,Montefrío,AXE,Montefrío/Raw/63592 (1).JPG,Montefrío/Raw/63592 (2).JPG,Montefrío/Raw/63592 (3).JPG,,,,High,
63712,Montefrío,AXE,Montefrío/Raw/63712 (1).JPG,Montefrío/Raw/63712 (2).JPG,Montefrío/Raw/63712 (3).JPG,,,,High,
63752,Montefrío,AXE,Montefrío/Raw/63752 (1).JPG,Montefrío/Raw/63752 (2).JPG,Montefrío/Raw/63752 (3).JPG,,,,High,
63873,Montefrío,AXE,Montefrío/Raw/63873 (1).JPG,Montefrío/Raw/63873 (2).JPG,Montefrío/Raw/63873 (3).JPG,,,,High,
63968,Montefrío,AXE,Montefrío/Raw/63968 (1).JPG,Montefrío/Raw/63968 (2).JPG,Montefrío/Raw/63968 (3).JPG,,,,High,
64190-1,Montefrío,AXE,Montefrío/Raw/64190-1 (1).JPG,Montefrío/Raw/64190-1 (2).JPG,Montefrío/Raw/64190-1 (3).JPG,,,,High,
64549,Montefrío,AXE,Montefrío/Raw/64549 (1).JPG,Montefrío/Raw/64549 (2).JPG,Montefrío/Raw/64549 (3).JPG,,,,High,
64574,Montefrío,AXE,Montefrío/Raw/64574 (1).JPG,Montefrío/Raw/64574 (2).JPG,Montefrío/Raw/64574 (3).JPG,,,,High,
64695,Montefrío,AXE,Montefrío/Raw/64695 (1).JPG,Montefrío/Raw/64695 (2).JPG,Montefrío/Raw/64695 (3).JPG,,,,High,
64711,Montefrío,AXE,Montefrío/Raw/64711 (1).JPG,Montefrío/Raw/64711 (2).JPG,Montefrío/Raw/64711 (3).JPG,,,,High,
64726,Montefrío,AXE,Montefrío/Raw/64726 (1).JPG,Montefrío/Raw/64726 (2).JPG,,,,,High,
65340,Montefrío,AXE,Montefrío/Raw/65340 (1).JPG,Montefrío/Raw/65340 (2).JPG,Montefrío/Raw/65340 (3).JPG,,,,High,
65549,Montefrío,AXE,Montefrío/Raw/65549 (1).JPG,Montefrío/Raw/65549 (2).JPG,Montefrío/Raw/65549 (3).JPG,,,,High,
65740,Montefrío,AXE,Montefrío/Raw/65740 (1).JPG,Montefrío/Raw/65740 (2).JPG,Montefrío/Raw/65740 (3).JPG,,,,High,
65822,Montefrío,AXE,Montefrío/Raw/65822 (1).JPG,Montefrío/Raw/65822 (2).JPG,,,,,High,
65840,Montefrío,AXE,Montefrío/Raw/65840 (3).JPG,Montefrío/Raw/65840 (4).JPG,,,,,High,
66271,Montefrío,AXE,Montefrío/Raw/66271 (1).JPG,Montefrío/Raw/66271 (2).JPG,Montefrío/Raw/66271 (3).JPG,Montefrío/Raw/66271 (4).JPG,,,High,
66317,Montefrío,AXE,Montefrío/Raw/66317 (1).JPG,Montefrío/Raw/66317 (2).JPG,Montefrío/Raw/66317 (4).JPG,,,,High,
66435,Montefrío,AXE,Montefrío/Raw/66435 (1).JPG,Montefrío/Raw/66435 (2).JPG,,,,,High,
66480,Montefrío,AXE,Montefrío/Raw/66480 (1).JPG,Montefrío/Raw/66480 (2).JPG,,,,,High,
66500,Montefrío,AXE,Montefrío/Raw/66500 (1).JPG,Montefrío/Raw/66500 (2).JPG,Montefrío/Raw/66500 (3).JPG,,,,High,
66585,Montefrío,AXE,Montefrío/Raw/66585 (1).JPG,Montefrío/Raw/66585 (2).JPG,Montefrío/Raw/66585 (3).JPG,,,,High,
66631,Montefrío,AXE,Montefrío/Raw/66631 (1).JPG,Montefrío/Raw/66631 (2).JPG,Montefrío/Raw/66631 (3).JPG,,,,High,
66676,Montefrío,AXE,Montefrío/Raw/66676 (1).JPG,Montefrío/Raw/66676 (2).JPG,,,,,High,
66734,Montefrío,AXE,Montefrío/Raw/66734 (1).JPG,Montefrío/Raw/66734 (2).JPG,,,,,High,
66810,Montefrío,AXE,Montefrío/Raw/66810 (1).JPG,Montefrío/Raw/66810 (2).JPG,Montefrío/Raw/66810 (3).JPG,,,,High,
6692,Montefrío,AXE,Montefrío/Raw/6692 (1).JPG,Montefrío/Raw/6692 (2).JPG,Montefrío/Raw/6692 (3).JPG,,,,High,
67758,Montefrío,AXE,Montefrío/Raw/67758 (1).JPG,Montefrío/Raw/67758 (2).JPG,Montefrío/Raw/67758 (3).JPG,,,,High,
67767,Montefrío,AXE,Montefrío/Raw/67767 (1).JPG,Montefrío/Raw/67767 (2).JPG,Montefrío/Raw/67767 (3).JPG,,,,High,
67940,Montefrío,AXE,Montefrío/Raw/67940 (1).JPG,Montefrío/Raw/67940 (2).JPG,,,,,High,
67972,Montefrío,AXE,Montefrío/Raw/67972 (1).JPG,Montefrío/Raw/67972 (2).JPG,Montefrío/Raw/67972 (3).JPG,,,,High,
68074,Montefrío,AXE,Montefrío/Raw/68074 (1).JPG,Montefrío/Raw/68074 (2).JPG,,,,,High,
68113,Montefrío,AXE,Montefrío/Raw/68113 (1).JPG,Montefrío/Raw/68113 (2).JPG,,,,,High,
68121,Montefrío,AXE,Montefrío/Raw/68121 (1).JPG,Montefrío/Raw/68121 (2).JPG,Montefrío/Raw/68121 (3).JPG,,,,High,
68124,Montefrío,AXE,Montefrío/Raw/68124 (1).JPG,Montefrío/Raw/68124 (2).JPG,Montefrío/Raw/68124 (3).JPG,,,,High,
68138,Montefrío,AXE,Montefrío/Raw/68138 (1).JPG,Montefrío/Raw/68138 (2).JPG,Montefrío/Raw/68138 (3).JPG,,,,High,
68139,Montefrío,PPUL,Montefrío/Raw/68139 (1).JPG,Montefrío/Raw/68139 (2).JPG,Montefrío/Raw/68139 (3).JPG,,,,High,
68144,Montefrío,AXE,Montefrío/Raw/68144 (1).JPG,Montefrío/Raw/68144 (2).JPG,,,,,High,
68158,Montefrío,AXE,Montefrío/Raw/68158 (1).JPG,Montefrío/Raw/68158 (2).JPG,Montefrío/Raw/68158 (3).JPG,,,,High,
68180,Montefrío,AXE,Montefrío/Raw/68180 (1).JPG,Montefrío/Raw/68180 (2).JPG,,,,,High,
68214,Montefrío,AXE,Montefrío/Raw/68214 (1).JPG,Montefrío/Raw/68214 (2).JPG,,,,,High,
68251,Montefrío,AXE,Montefrío/Raw/68251 (1).JPG,Montefrío/Raw/68251 (2).JPG,,,,,High,
6829,Montefrío,AXE,Montefrío/Raw/6829 (1).JPG,Montefrío/Raw/6829 (2).JPG,Montefrío/Raw/6829 (3).JPG,,,,High,
68296,Montefrío,AXE,Montefrío/Raw/68296 (1).JPG,Montefrío/Raw/68296 (2).JPG,,,,,High,
68476,Montefrío,AXE,Montefrío/Raw/68476 (1).JPG,Montefrío/Raw/68476 (2).JPG,,,,,High,
69169,Montefrío,AXE,Montefrío/Raw/69169 (1).JPG,Montefrío/Raw/69169 (2).JPG,,,,,High,
69280,Montefrío,AXE,Montefrío/Raw/69280 (1).JPG,Montefrío/Raw/69280 (2).JPG,Montefrío/Raw/69280 (3).JPG,,,,High,
69432-2,Montefrío,AXE,Montefrío/Raw/69432-2 (1).JPG,Montefrío/Raw/69432-2 (2).JPG,Montefrío/Raw/69432-2 (3).JPG,,,,High,
69601,Montefrío,AXE,Montefrío/Raw/69601 (1).JPG,Montefrío/Raw/69601 (2).JPG,,,,,High,
RPPUL-1,Malagón,AXE,Montefrío/Raw/RPPUL-1 (1).JPG,Montefrío/Raw/RPPUL-1 (2).JPG,Montefrío/Raw/RPPUL-1 (3).JPG,,,,Medium,
RPPUL-3,Malagón,AXE,Montefrío/Raw/RPPUL-3 (1).JPG,Montefrío/Raw/RPPUL-3 (2).JPG,Montefrío/Raw/RPPUL-3 (3).JPG,,,,Medium,
10489,Hinojares,AXE,Jaén Museum/10489 (1).jpg,Jaén Museum/10489 (2).jpg,Jaén Museum/10489 (3).jpg,Jaén Museum/10489 (4).jpg,,,High,
11680,Martos,AXE,Jaén Museum/11680 (1).jpg,Jaén Museum/11680 (2).jpg,Jaén Museum/11680 (3).jpg,Jaén Museum/11680 (4).jpg,,,High,
1564,Castillo de Locubín,AXE,Jaén Museum/1564 (1).jpg,Jaén Museum/1564 (2).jpg,Jaén Museum/1564 (3).jpg,Jaén Museum/1564 (4).jpg,,,High,
1603,MJ DEC,AXE,Jaén Museum/1603 (1).jpg,Jaén Museum/1603 (2).jpg,Jaén Museum/1603 (3).jpg,Jaén Museum/1603 (4).jpg,,,High,
1668,MJ DEC,AXE,Jaén Museum/1668 (1).jpg,Jaén Museum/1668 (2).jpg,Jaén Museum/1668 (3).jpg,Jaén Museum/1668 (4).jpg,,,High,
1803,Mengíbar,AXE,Jaén Museum/1803 (1).jpg,Jaén Museum/1803 (2).jpg,Jaén Museum/1803 (3).jpg,Jaén Museum/1803 (4).jpg,,,High,
1805,MJ DEC,AXE,Jaén Museum/1805 (1).jpg,Jaén Museum/1805 (2).jpg,Jaén Museum/1805 (3).jpg,Jaén Museum/1805 (4).jpg,,,High,
1812,Mengíbar,AXE,Jaén Museum/1812 (1).jpg,Jaén Museum/1812 (2).jpg,Jaén Museum/1812 (3).jpg,Jaén Museum/1812 (4).jpg,,,High,
1813,Mágina,AXE,Jaén Museum/1813 (1).jpg,Jaén Museum/1813 (2).jpg,Jaén Museum/1813 (3).jpg,Jaén Museum/1813 (4).jpg,,,High,
19232,Marroquíes Bajos,AXE,Jaén Museum/19232 (1).jpg,Jaén Museum/19232 (2).jpg,Jaén Museum/19232 (3).jpg,Jaén Museum/19232 (4).jpg,,,High,
19233,Martos,AXE,Jaén Museum/19233 (1).jpg,Jaén Museum/19233 (2).jpg,Jaén Museum/19233 (3).jpg,Jaén Museum/19233 (4).jpg,,,High,
19235,Martos,AXE,Jaén Museum/19235 (1).jpg,Jaén Museum/19235 (2).jpg,Jaén Museum/19235 (3).jpg,Jaén Museum/19235 (4).jpg,,,High,
19238,Marroquíes Bajos,AXE,Jaén Museum/19238 (1).jpg,Jaén Museum/19238 (2).jpg,Jaén Museum/19238 (3).jpg,Jaén Museum/19238 (4).jpg,,,High,
19241,Martos,AXE,Jaén Museum/19241 (1).jpg,Jaén Museum/19241 (2).jpg,Jaén Museum/19241 (3).jpg,Jaén Museum/19241 (4).jpg,,,High,
19247,Marroquíes Bajos,AXE,Jaén Museum/19247 (1).jpg,Jaén Museum/19247 (2).jpg,Jaén Museum/19247 (3).jpg,Jaén Museum/19247 (4).jpg,,,High,
19249,Marroquíes Bajos,AXE,Jaén Museum/19249 (1).jpg,Jaén Museum/19249 (2).jpg,Jaén Museum/19249 (3).jpg,Jaén Museum/19249 (4).jpg,,,High,
19265,Marroquíes Bajos,AXE,Jaén Museum/19265 (1).jpg,Jaén Museum/19265 (2).jpg,Jaén Museum/19265 (3).jpg,Jaén Museum/19265 (4).jpg,,,High,
19275,Marroquíes Bajos,AXE,Jaén Museum/19275 (1).jpg,Jaén Museum/19275 (2).jpg,Jaén Museum/19275 (3).jpg,Jaén Museum/19275 (4).jpg,,,High,
19277,Martos,AXE,Jaén Museum/19277 (1).jpg,Jaén Museum/19277 (2).jpg,Jaén Museum/19277 (3).jpg,Jaén Museum/19277 (4).jpg,,,High,
19291,Quesada,AXE,Jaén Museum/19291 (1).jpg,Jaén Museum/19291 (2).jpg,Jaén Museum/19291 (3).jpg,Jaén Museum/19291 (4).jpg,,,High,
19293,Martos,AXE,Jaén Museum/19293 (1).jpg,Jaén Museum/19293 (2).jpg,Jaén Museum/19293 (3).jpg,Jaén Museum/19293 (4).jpg,,,High,
19294,Martos,AXE,Jaén Museum/19294 (1).jpg,Jaén Museum/19294 (2).jpg,Jaén Museum/19294 (3).jpg,Jaén Museum/19294 (4).jpg,,,High,
19518,Marroquíes Bajos,AXE,Jaén Museum/19518 (1).jpg,Jaén Museum/19518 (2).jpg,Jaén Museum/19518 (3).jpg,Jaén Museum/19518 (4).jpg,,,High,
19531,Marroquíes Bajos,AXE,Jaén Museum/19531 (1).jpg,Jaén Museum/19531 (2).jpg,Jaén Museum/19531 (3).jpg,Jaén Museum/19531 (4).jpg,,,High,
19532,Marroquíes Bajos,AXE,Jaén Museum/19532 (1).jpg,Jaén Museum/19532 (2).jpg,Jaén Museum/19532 (3).jpg,Jaén Museum/19532 (4).jpg,,,High,
19535,Marroquíes Bajos,AXE,Jaén Museum/19535 (1).jpg,Jaén Museum/19535 (2).jpg,Jaén Museum/19535 (3).jpg,Jaén Museum/19535 (4).jpg,,,High,
19537,Marroquíes Bajos,AXE,Jaén Museum/19537 (1).jpg,Jaén Museum/19537 (2).jpg,Jaén Museum/19537 (3).jpg,Jaén Museum/19537 (4).jpg,,,High,
19543,Marroquíes Bajos,AXE,Jaén Museum/19543 (1).jpg,Jaén Museum/19543 (2).jpg,Jaén Museum/19543 (3).jpg,Jaén Museum/19543 (4).jpg,,,High,
19560,Marroquíes Bajos,AXE,Jaén Museum/19560 (1).jpg,Jaén Museum/19560 (2).jpg,Jaén Museum/19560 (3).jpg,Jaén Museum/19560 (4).jpg,,,High,
19731,Marroquíes Bajos,AXE,Jaén Museum/19731 (1).jpg,Jaén Museum/19731 (2).jpg,Jaén Museum/19731 (3).jpg,Jaén Museum/19731 (4).jpg,,,High,
19744,Mengíbar,AXE,Jaén Museum/19744 (1).jpg,Jaén Museum/19744 (2).jpg,Jaén Museum/19744 (3).jpg,Jaén Museum/19744 (4).jpg,,,High,
19820,Marroquíes Bajos,AXE,Jaén Museum/19820 (1).jpg,Jaén Museum/19820 (2).jpg,Jaén Museum/19820 (3).jpg,Jaén Museum/19820 (4).jpg,,,High,
19823,Marroquíes Bajos,AXE,Jaén Museum/19823 (1).jpg,Jaén Museum/19823 (2).jpg,Jaén Museum/19823 (3).jpg,Jaén Museum/19823 (4).jpg,,,High,
19824,Marroquíes Bajos,AXE,Jaén Museum/19824 (1).jpg,Jaén Museum/19824 (2).jpg,Jaén Museum/19824 (3).jpg,Jaén Museum/19824 (4).jpg,,,High,
19832,Marroquíes Bajos,AXE,Jaén Museum/19832 (1).jpg,Jaén Museum/19832 (2).jpg,Jaén Museum/19832 (3).jpg,Jaén Museum/19832 (4).jpg,,,High,
19833,Marroquíes Bajos,AXE,Jaén Museum/19833 (1).jpg,Jaén Museum/19833 (2).jpg,Jaén Museum/19833 (3).jpg,Jaén Museum/19833 (4).jpg,,,High,
19834,Marroquíes Bajos,AXE,Jaén Museum/19834 (1).jpg,Jaén Museum/19834 (2).jpg,Jaén Museum/19834 (3).jpg,Jaén Museum/19834 (4).jpg,,,High,
19836,Marroquíes Bajos,AXE,Jaén Museum/19836 (1).jpg,Jaén Museum/19836 (2).jpg,Jaén Museum/19836 (3).jpg,Jaén Museum/19836 (4).jpg,,,High,
19840,Marroquíes Bajos,AXE,Jaén Museum/19840 (1).jpg,Jaén Museum/19840 (2).jpg,Jaén Museum/19840 (3).jpg,Jaén Museum/19840 (4).jpg,,,High,
19841,Marroquíes Bajos,AXE,Jaén Museum/19841 (1).jpg,Jaén Museum/19841 (2).jpg,Jaén Museum/19841 (3).jpg,Jaén Museum/19841 (4).jpg,,,High,
19845,Marroquíes Bajos,AXE,Jaén Museum/19845 (1).jpg,Jaén Museum/19845 (2).jpg,Jaén Museum/19845 (3).jpg,Jaén Museum/19845 (4).jpg,,,High,
19847,Marroquíes Bajos,AXE,Jaén Museum/19847 (1).jpg,Jaén Museum/19847 (2).jpg,Jaén Museum/19847 (3).jpg,Jaén Museum/19847 (4).jpg,,,High,
19848,Marroquíes Bajos,AXE,Jaén Museum/19848 (1).jpg,Jaén Museum/19848 (2).jpg,Jaén Museum/19848 (3).jpg,Jaén Museum/19848 (4).jpg,,,High,
19851,Marroquíes Bajos,AXE,Jaén Museum/19851 (1).jpg,Jaén Museum/19851 (2).jpg,Jaén Museum/19851 (3).jpg,Jaén Museum/19851 (4).jpg,,,High,
19858,Marroquíes Bajos,AXE,Jaén Museum/19858 (1).jpg,Jaén Museum/19858 (2).jpg,Jaén Museum/19858 (3).jpg,Jaén Museum/19858 (4).jpg,,,High,
19861,Marroquíes Bajos,AXE,Jaén Museum/19861 (1).jpg,Jaén Museum/19861 (2).jpg,Jaén Museum/19861 (3).jpg,,,,High,
20012,Marroquíes Bajos,AXE,Jaén Museum/20012 (1).jpg,Jaén Museum/20012 (2).jpg,Jaén Museum/20012 (3).jpg,Jaén Museum/20012 (4).jpg,,,High,
20044,Marroquíes Bajos,AXE,Jaén Museum/20044 (1).jpg,Jaén Museum/20044 (2).jpg,Jaén Museum/20044 (3).jpg,Jaén Museum/20044 (4).jpg,,,High,
20049,Marroquíes Bajos,AXE,Jaén Museum/20049 (1).jpg,Jaén Museum/20049 (2).jpg,Jaén Museum/20049 (3).jpg,Jaén Museum/20049 (4).jpg,,,High,
20054,Marroquíes Bajos,AXE,Jaén Museum/20054 (1).jpg,Jaén Museum/20054 (2).jpg,Jaén Museum/20054 (3).jpg,Jaén Museum/20054 (4).jpg,,,High,
20055,Marroquíes Bajos,AXE,Jaén Museum/20055 (1).jpg,Jaén Museum/20055 (2).jpg,Jaén Museum/20055 (3).jpg,Jaén Museum/20055 (4).jpg,,,High,
20072,Hornos de Segura,AXE,Jaén Museum/20072 (1).jpg,Jaén Museum/20072 (2).jpg,Jaén Museum/20072 (3).jpg,Jaén Museum/20072 (4).jpg,,,High,
20073,Hornos de Segura,AXE,Jaén Museum/20073 (1).jpg,Jaén Museum/20073 (2).jpg,Jaén Museum/20073 (3).jpg,Jaén Museum/20073 (4).jpg,,,High,
20089,Baños de la Encina,AXE,Jaén Museum/20089 (1).jpg,Jaén Museum/20089 (2).jpg,Jaén Museum/20089 (3).jpg,Jaén Museum/20089 (4).jpg,,,High,
20093,Marroquíes Bajos,AXE,Jaén Museum/20093 (1).jpg,Jaén Museum/20093 (2).jpg,Jaén Museum/20093 (3).jpg,Jaén Museum/20093 (4).jpg,,,High,
20094,Marroquíes Bajos,AXE,Jaén Museum/20094 (1).jpg,Jaén Museum/20094 (2).jpg,Jaén Museum/20094 (3).jpg,Jaén Museum/20094 (4).jpg,,,High,
20103,Marroquíes Bajos,AXE,Jaén Museum/20103 (1).jpg,Jaén Museum/20103 (2).jpg,Jaén Museum/20103 (3).jpg,Jaén Museum/20103 (4).jpg,,,High,
20129,Marroquíes Bajos,AXE,Jaén Museum/20129 (1).jpg,Jaén Museum/20129 (2).jpg,Jaén Museum/20129 (3).jpg,Jaén Museum/20129 (4).jpg,,,High,
20134,Úbeda,AXE,Jaén Museum/20134 (1).jpg,Jaén Museum/20134 (2).jpg,Jaén Museum/20134 (3).jpg,Jaén Museum/20134 (4).jpg,,,High,
20135,Úbeda,AXE,Jaén Museum/20135 (1).jpg,Jaén Museum/20135 (2).jpg,Jaén Museum/20135 (3).jpg,Jaén Museum/20135 (4).jpg,,,High,
20137,Martos,AXE,Jaén Museum/20137 (1).jpg,Jaén Museum/20137 (2).jpg,Jaén Museum/20137 (3).jpg,Jaén Museum/20137 (4).jpg,,,High,
20138,Martos,AXE,Jaén Museum/20138 (1).jpg,Jaén Museum/20138 (2).jpg,Jaén Museum/20138 (3).jpg,Jaén Museum/20138 (4).jpg,,,High,
20147,Castellar,AXE,Jaén Museum/20147 (1).jpg,Jaén Museum/20147 (2).jpg,Jaén Museum/20147 (3).jpg,Jaén Museum/20147 (4).jpg,,,High,
20148,Castellar,AXE,Jaén Museum/20148 (1).jpg,Jaén Museum/20148 (2).jpg,Jaén Museum/20148 (3).jpg,Jaén Museum/20148 (4).jpg,,,High,
20151,Castillo de Locubín,AXE,Jaén Museum/20151 (1).jpg,Jaén Museum/20151 (2).jpg,Jaén Museum/20151 (3).jpg,Jaén Museum/20151 (4).jpg,,,High,
20152,Castillo de Locubín,AXE,Jaén Museum/20152 (1).jpg,Jaén Museum/20152 (2).jpg,Jaén Museum/20152 (3).jpg,Jaén Museum/20152 (4).jpg,,,High,
20153,Castillo de Locubín,AXE,Jaén Museum/20153 (1).jpg,Jaén Museum/20153 (2).jpg,Jaén Museum/20153 (3).jpg,Jaén Museum/20153 (4).jpg,,,High,
20160,Úbeda,AXE,Jaén Museum/20160 (1).jpg,Jaén Museum/20160 (2).jpg,Jaén Museum/20160 (3).jpg,Jaén Museum/20160 (4).jpg,,,High,
20161,Úbeda,AXE,Jaén Museum/20161 (1).jpg,Jaén Museum/20161 (2).jpg,Jaén Museum/20161 (3).jpg,Jaén Museum/20161 (4).jpg,,,High,
20162,Úbeda,AXE,Jaén Museum/20162 (1).jpg,Jaén Museum/20162 (2).jpg,Jaén Museum/20162 (3).jpg,Jaén Museum/20162 (4).jpg,,,High,
20204,Marroquíes Bajos,AXE,Jaén Museum/20204 (1).jpg,Jaén Museum/20204 (2).jpg,Jaén Museum/20204 (3).jpg,Jaén Museum/20204 (4).jpg,,,High,
20230,Sabiote,AXE,Jaén Museum/20230 (1).jpg,Jaén Museum/20230 (2).jpg,Jaén Museum/20230 (3).jpg,Jaén Museum/20230 (4).jpg,,,High,
20237,Baeza,AXE,Jaén Museum/20237 (1).jpg,Jaén Museum/20237 (2).jpg,Jaén Museum/20237 (3).jpg,Jaén Museum/20237 (4).jpg,,,High,
20270,Marroquíes Bajos,AXE,Jaén Museum/20270 (1).jpg,Jaén Museum/20270 (2).jpg,Jaén Museum/20270 (3).jpg,Jaén Museum/20270 (4).jpg,,,High,
20288,Marroquíes Bajos,AXE,Jaén Museum/20288 (1).jpg,Jaén Museum/20288 (2).jpg,Jaén Museum/20288 (3).jpg,Jaén Museum/20288 (4).jpg,,,High,
20296,Marroquíes Bajos,AXE,Jaén Museum/20296 (1).jpg,Jaén Museum/20296 (2).jpg,Jaén Museum/20296 (3).jpg,Jaén Museum/20296 (4).jpg,,,High,
20299,Marroquíes Bajos,AXE,Jaén Museum/20299 (1).jpg,Jaén Museum/20299 (2).jpg,Jaén Museum/20299 (3).jpg,Jaén Museum/20299 (4).jpg,,,High,
20300,Marroquíes Bajos,AXE,Jaén Museum/20300 (1).jpg,Jaén Museum/20300 (2).jpg,Jaén Museum/20300 (3).jpg,Jaén Museum/20300 (4).jpg,,,High,
20301,Marroquíes Bajos,AXE,Jaén Museum/20301 (1).jpg,Jaén Museum/20301 (2).jpg,Jaén Museum/20301 (3).jpg,Jaén Museum/20301 (4).jpg,,,High,
20305,Marroquíes Bajos,AXE,Jaén Museum/20305 (1).jpg,Jaén Museum/20305 (2).jpg,Jaén Museum/20305 (3).jpg,Jaén Museum/20305 (4).jpg,,,High,
20316,Marroquíes Bajos,AXE,Jaén Museum/20316 (1).jpg,Jaén Museum/20316 (2).jpg,Jaén Museum/20316 (3).jpg,Jaén Museum/20316 (4).jpg,,,High,
20319,Marroquíes Bajos,AXE,Jaén Museum/20319 (1).jpg,Jaén Museum/20319 (2).jpg,Jaén Museum/20319 (3).jpg,Jaén Museum/20319 (4).jpg,,,High,
20333,Marroquíes Bajos,AXE,Jaén Museum/20333 (1).jpg,Jaén Museum/20333 (2).jpg,Jaén Museum/20333 (3).jpg,Jaén Museum/20333 (4).jpg,,,High,
20339,Marroquíes Bajos,AXE,Jaén Museum/20339 (1).jpg,Jaén Museum/20339 (2).jpg,Jaén Museum/20339 (3).jpg,Jaén Museum/20339 (4).jpg,,,High,
20340,Marroquíes Bajos,AXE,Jaén Museum/20340 (1).jpg,Jaén Museum/20340 (2).jpg,Jaén Museum/20340 (3).jpg,Jaén Museum/20340 (4).jpg,,,High,
20341,Marroquíes Bajos,AXE,Jaén Museum/20341 (1).jpg,Jaén Museum/20341 (2).jpg,Jaén Museum/20341 (3).jpg,Jaén Museum/20341 (4).jpg,,,High,
20351,Marroquíes Bajos,AXE,Jaén Museum/20351 (1).jpg,Jaén Museum/20351 (2).jpg,Jaén Museum/20351 (3).jpg,Jaén Museum/20351 (4).jpg,,,High,
20352,Marroquíes Bajos,AXE,Jaén Museum/20352 (1).jpg,Jaén Museum/20352 (2).jpg,Jaén Museum/20352 (3).jpg,Jaén Museum/20352 (4).jpg,,,High,
20353,Marroquíes Bajos,AXE,Jaén Museum/20353 (1).jpg,Jaén Museum/20353 (2).jpg,Jaén Museum/20353 (3).jpg,Jaén Museum/20353 (4).jpg,,,High,
20354,Marroquíes Bajos,AXE,Jaén Museum/20354 (1).jpg,Jaén Museum/20354 (2).jpg,Jaén Museum/20354 (3).jpg,,,,High,
20355,Marroquíes Bajos,AXE,Jaén Museum/20355 (1).jpg,Jaén Museum/20355 (2).jpg,Jaén Museum/20355 (3).jpg,Jaén Museum/20355 (4).jpg,,,High,
20409,Marroquíes Bajos,AXE,Jaén Museum/20409 (1).jpg,Jaén Museum/20409 (2).jpg,Jaén Museum/20409 (3).jpg,Jaén Museum/20409 (4).jpg,,,High,
20421,Martos,AXE,Jaén Museum/20421 (1).jpg,Jaén Museum/20421 (2).jpg,Jaén Museum/20421 (3).jpg,Jaén Museum/20421 (4).jpg,,,High,
20422,Martos,AXE,Jaén Museum/20422 (1).jpg,Jaén Museum/20422 (2).jpg,Jaén Museum/20422 (3).jpg,Jaén Museum/20422 (4).jpg,,,High,
20425,Martos,AXE,Jaén Museum/20425 (1).jpg,Jaén Museum/20425 (2).jpg,Jaén Museum/20425 (3).jpg,Jaén Museum/20425 (4).jpg,,,High,
20437,Martos,AXE,Jaén Museum/20437 (1).jpg,Jaén Museum/20437 (2).jpg,Jaén Museum/20437 (3).jpg,Jaén Museum/20437 (4).jpg,,,High,
20439,Martos,AXE,Jaén Museum/20439 (1).jpg,Jaén Museum/20439 (2).jpg,Jaén Museum/20439 (3).jpg,Jaén Museum/20439 (4).jpg,,,High,
20445,Martos,AXE,Jaén Museum/20445 (1).jpg,Jaén Museum/20445 (2).jpg,Jaén Museum/20445 (3).jpg,Jaén Museum/20445 (4).jpg,,,High,
20447,Martos,AXE,Jaén Museum/20447 (1).jpg,Jaén Museum/20447 (2).jpg,Jaén Museum/20447 (3).jpg,Jaén Museum/20447 (4).jpg,,,High,
20448,Martos,AXE,Jaén Museum/20448 (1).jpg,Jaén Museum/20448 (2).jpg,Jaén Museum/20448 (3).jpg,Jaén Museum/20448 (4).jpg,,,High,
20449,Martos,AXE,Jaén Museum/20449 (1).jpg,Jaén Museum/20449 (2).jpg,Jaén Museum/20449 (3).jpg,Jaén Museum/20449 (4).jpg,,,High,
20451,Martos,AXE,Jaén Museum/20451 (1).jpg,Jaén Museum/20451 (2).jpg,Jaén Museum/20451 (3).jpg,Jaén Museum/20451 (4).jpg,,,High,
20453,Martos,AXE,Jaén Museum/20453 (1).jpg,Jaén Museum/20453 (2).jpg,Jaén Museum/20453 (3).jpg,Jaén Museum/20453 (4).jpg,,,High,
20456,Martos,AXE,Jaén Museum/20456 (1).jpg,Jaén Museum/20456 (2).jpg,Jaén Museum/20456 (3).jpg,Jaén Museum/20456 (4).jpg,Jaén Museum/20456 (5).jpg,,High,
20462,Martos,AXE,Jaén Museum/20462 (1).jpg,Jaén Museum/20462 (2).jpg,Jaén Museum/20462 (3).jpg,Jaén Museum/20462 (4).jpg,,,High,
20463,Martos,AXE,Jaén Museum/20463 (1).jpg,Jaén Museum/20463 (2).jpg,Jaén Museum/20463 (3).jpg,Jaén Museum/20463 (4).jpg,,,High,
23130,Castellar,AXE,Jaén Museum/23130 (1).jpg,Jaén Museum/23130 (2).jpg,Jaén Museum/23130 (3).jpg,Jaén Museum/23130 (4).jpg,,,High,
23131,Castellar,AXE,Jaén Museum/23131 (1).jpg,Jaén Museum/23131 (2).jpg,Jaén Museum/23131 (3).jpg,Jaén Museum/23131 (4).jpg,,,High,
23508,Marroquíes Bajos,AXE,Jaén Museum/23508 (1).jpg,Jaén Museum/23508 (2).jpg,Jaén Museum/23508 (3).jpg,Jaén Museum/23508 (4).jpg,,,High,
23545,Marroquíes Bajos,AXE,Jaén Museum/23545 (1).jpg,Jaén Museum/23545 (2).jpg,Jaén Museum/23545 (3).jpg,Jaén Museum/23545 (4).jpg,,,High,
23556,Marroquíes Bajos,AXE,Jaén Museum/23556 (1).jpg,Jaén Museum/23556 (2).jpg,Jaén Museum/23556 (3).jpg,Jaén Museum/23556 (4).jpg,,,High,
23558,Marroquíes Bajos,AXE,Jaén Museum/23558 (1).jpg,Jaén Museum/23558 (2).jpg,Jaén Museum/23558 (3).jpg,Jaén Museum/23558 (4).jpg,,,High,
26554,Marroquíes Bajos,AXE,Jaén Museum/26554 (1).jpg,Jaén Museum/26554 (2).jpg,Jaén Museum/26554 (3).jpg,Jaén Museum/26554 (4).jpg,,,High,
26573,Martos,AXE,Jaén Museum/26573 (1).jpg,Jaén Museum/26573 (2).jpg,Jaén Museum/26573 (3).jpg,Jaén Museum/26573 (4).jpg,,,High,
26580,MJ DEC,AXE,Jaén Museum/26580 (1).jpg,Jaén Museum/26580 (2).jpg,Jaén Museum/26580 (3).jpg,Jaén Museum/26580 (4).jpg,,,High,
26587,Marroquíes Bajos,AXE,Jaén Museum/26587 (1).jpg,Jaén Museum/26587 (2).jpg,Jaén Museum/26587 (3).jpg,Jaén Museum/26587 (4).jpg,,,High,
26640,Marroquíes Bajos,AXE,Jaén Museum/26640 (1).jpg,Jaén Museum/26640 (2).jpg,Jaén Museum/26640 (3).jpg,Jaén Museum/26640 (4).jpg,,,High,
26771,Marroquíes Bajos,AXE,Jaén Museum/26771 (1).jpg,Jaén Museum/26771 (2).jpg,Jaén Museum/26771 (3).jpg,Jaén Museum/26771 (4).jpg,,,High,
26860,Marroquíes Bajos,AXE,Jaén Museum/26860 (1).jpg,Jaén Museum/26860 (2).jpg,Jaén Museum/26860 (3).jpg,Jaén Museum/26860 (4).jpg,,,High,
26861,Quesada,AXE,Jaén Museum/26861 (1).jpg,Jaén Museum/26861 (2).jpg,Jaén Museum/26861 (3).jpg,Jaén Museum/26861 (4).jpg,,,High,
26866,Marroquíes Bajos,AXE,Jaén Museum/26866 (1).jpg,Jaén Museum/26866 (2).jpg,Jaén Museum/26866 (3).jpg,Jaén Museum/26866 (4).jpg,,,High,
26869,Marroquíes Bajos,AXE,Jaén Museum/26869 (1).jpg,Jaén Museum/26869 (2).jpg,Jaén Museum/26869 (3).jpg,Jaén Museum/26869 (4).jpg,,,High,
26875,Marroquíes Bajos,AXE,Jaén Museum/26875 (1).jpg,Jaén Museum/26875 (2).jpg,Jaén Museum/26875 (3).jpg,Jaén Museum/26875 (4).jpg,,,High,
26876,Marroquíes Bajos,AXE,Jaén Museum/26876 (1).jpg,Jaén Museum/26876 (2).jpg,Jaén Museum/26876 (3).jpg,Jaén Museum/26876 (4).jpg,,,High,
26956,Marroquíes Bajos,AXE,Jaén Museum/26956 (1).jpg,Jaén Museum/26956 (2).jpg,Jaén Museum/26956 (3).jpg,Jaén Museum/26956 (4).jpg,,,High,
26971,Marroquíes Bajos,AXE,Jaén Museum/26971 (1).jpg,Jaén Museum/26971 (2).jpg,Jaén Museum/26971 (3).jpg,Jaén Museum/26971 (4).jpg,,,High,
26988,Marroquíes Bajos,AXE,Jaén Museum/26988 (1).jpg,Jaén Museum/26988 (2).jpg,Jaén Museum/26988 (3).jpg,Jaén Museum/26988 (4).jpg,,,High,
26999,Marroquíes Bajos,AXE,Jaén Museum/26999 (1).jpg,Jaén Museum/26999 (2).jpg,Jaén Museum/26999 (3).jpg,Jaén Museum/26999 (4).jpg,,,High,
2716,Castellar,AXE,Jaén Museum/2716 (1).jpg,Jaén Museum/2716 (2).jpg,Jaén Museum/2716 (3).jpg,,,,High,
2718,Castellar,AXE,Jaén Museum/2718 (1).jpg,Jaén Museum/2718 (2).jpg,Jaén Museum/2718 (3).jpg,Jaén Museum/2718 (4).jpg,,,High,
2720,Castellar,AXE,Jaén Museum/2720 (1).jpg,Jaén Museum/2720 (2).jpg,Jaén Museum/2720 (3).jpg,Jaén Museum/2720 (4).jpg,,,High,
2721,Castellar,AXE,Jaén Museum/2721 (1).jpg,Jaén Museum/2721 (2).jpg,Jaén Museum/2721 (3).jpg,Jaén Museum/2721 (4).jpg,,,High,
2722,Castellar,AXE,Jaén Museum/2722 (1).jpg,Jaén Museum/2722 (2).jpg,Jaén Museum/2722 (3).jpg,Jaén Museum/2722 (4).jpg,,,High,
2723,Castellar,AXE,Jaén Museum/2723 (1).jpg,Jaén Museum/2723 (2).jpg,Jaén Museum/2723 (3).jpg,Jaén Museum/2723 (4).jpg,,,High,
2725,Castellar,AXE,Jaén Museum/2725 (1).jpg,Jaén Museum/2725 (2).jpg,Jaén Museum/2725 (3).jpg,Jaén Museum/2725 (4).jpg,,,High,
2727,Castellar,AXE,Jaén Museum/2727 (1).jpg,Jaén Museum/2727 (2).jpg,Jaén Museum/2727 (3).jpg,Jaén Museum/2727 (4).jpg,,,High,
2728,Castellar,AXE,Jaén Museum/2728 (1).jpg,Jaén Museum/2728 (2).jpg,Jaén Museum/2728 (3).jpg,Jaén Museum/2728 (4).jpg,,,High,
2729,Castellar,AXE,Jaén Museum/2729 (1).jpg,Jaén Museum/2729 (2).jpg,Jaén Museum/2729 (3).jpg,Jaén Museum/2729 (4).jpg,,,High,
2730,Castellar,AXE,Jaén Museum/2730 (1).jpg,Jaén Museum/2730 (2).jpg,Jaén Museum/2730 (3).jpg,Jaén Museum/2730 (4).jpg,,,High,
2731,Castellar,AXE,Jaén Museum/2731 (1).jpg,Jaén Museum/2731 (2).jpg,Jaén Museum/2731 (3).jpg,Jaén Museum/2731 (4).jpg,,,High,
2734,Castellar,AXE,Jaén Museum/2734 (1).jpg,Jaén Museum/2734 (2).jpg,Jaén Museum/2734 (3).jpg,Jaén Museum/2734 (4).jpg,,,High,
2735,Castellar,AXE,Jaén Museum/2735 (1).jpg,Jaén Museum/2735 (2).jpg,Jaén Museum/2735 (3).jpg,Jaén Museum/2735 (4).jpg,,,High,
2736,Castellar,AXE,Jaén Museum/2736 (1).jpg,Jaén Museum/2736 (2).jpg,Jaén Museum/2736 (3).jpg,Jaén Museum/2736 (4).jpg,,,High,
2737,Castellar,AXE,Jaén Museum/2737 (1).jpg,Jaén Museum/2737 (2).jpg,Jaén Museum/2737 (3).jpg,Jaén Museum/2737 (4).jpg,,,High,
2738,Castellar,AXE,Jaén Museum/2738 (1).jpg,Jaén Museum/2738 (2).jpg,Jaén Museum/2738 (3).jpg,Jaén Museum/2738 (4).jpg,,,High,
2739,Castellar,AXE,Jaén Museum/2739 (1).jpg,Jaén Museum/2739 (2).jpg,Jaén Museum/2739 (3).jpg,Jaén Museum/2739 (4).jpg,,,High,
2740,Castellar,AXE,Jaén Museum/2740 (1).jpg,Jaén Museum/2740 (2).jpg,Jaén Museum/2740 (3).jpg,Jaén Museum/2740 (4).jpg,,,High,
2752,Castellar,AXE,Jaén Museum/2752 (1).jpg,Jaén Museum/2752 (2).jpg,Jaén Museum/2752 (3).jpg,Jaén Museum/2752 (4).jpg,,,High,
2753,Castellar,AXE,Jaén Museum/2753 (1).jpg,Jaén Museum/2753 (2).jpg,Jaén Museum/2753 (3).jpg,Jaén Museum/2753 (4).jpg,,,High,
2754,Castellar,AXE,Jaén Museum/2754 (1).jpg,Jaén Museum/2754 (2).jpg,Jaén Museum/2754 (3).jpg,Jaén Museum/2754 (4).jpg,,,High,
2756,Castellar,AXE,Jaén Museum/2756 (1).jpg,Jaén Museum/2756 (2).jpg,Jaén Museum/2756 (3).jpg,Jaén Museum/2756 (4).jpg,,,High,
2757,Castellar,AXE,Jaén Museum/2757 (1).jpg,Jaén Museum/2757 (2).jpg,Jaén Museum/2757 (3).jpg,Jaén Museum/2757 (4).jpg,,,High,
2761,Castellar,AXE,Jaén Museum/2761 (1).jpg,Jaén Museum/2761 (2).jpg,Jaén Museum/2761 (3).jpg,Jaén Museum/2761 (4).jpg,,,High,
2762,Castellar,AXE,Jaén Museum/2762 (1).jpg,Jaén Museum/2762 (2).jpg,Jaén Museum/2762 (3).jpg,Jaén Museum/2762 (4).jpg,,,High,
2793,Castellar,AXE,Jaén Museum/2793 (1).jpg,Jaén Museum/2793 (2).jpg,Jaén Museum/2793 (3).jpg,Jaén Museum/2793 (4).jpg,,,High,
29141,Mengíbar,AXE,Jaén Museum/29141 (1).jpg,Jaén Museum/29141 (2).jpg,Jaén Museum/29141 (3).jpg,Jaén Museum/29141 (4).jpg,,,High,
30084,Úbeda,AXE,Jaén Museum/30084 (1).jpg,Jaén Museum/30084 (2).jpg,Jaén Museum/30084 (3).jpg,Jaén Museum/30084 (4).jpg,,,High,
30093,Sabiote,AXE,Jaén Museum/30093 (1).jpg,Jaén Museum/30093 (2).jpg,Jaén Museum/30093 (3).jpg,Jaén Museum/30093 (4).jpg,,,High,
30094,Sabiote,AXE,Jaén Museum/30094 (1).jpg,Jaén Museum/30094 (2).jpg,Jaén Museum/30094 (3).jpg,Jaén Museum/30094 (4).jpg,,,High,
30137,Torreperogil,AXE,Jaén Museum/30137 (1).jpg,Jaén Museum/30137 (2).jpg,Jaén Museum/30137 (3).jpg,Jaén Museum/30137 (4).jpg,,,High,
30174,Úbeda,AXE,Jaén Museum/30174 (1).jpg,Jaén Museum/30174 (2).jpg,Jaén Museum/30174 (3).jpg,Jaén Museum/30174 (4).jpg,,,High,
3246,Martos,AXE,Jaén Museum/3246 (1).jpg,Jaén Museum/3246 (2).jpg,Jaén Museum/3246 (3).jpg,Jaén Museum/3246 (4).jpg,,,High,
3251,Marroquíes Bajos,AXE,Jaén Museum/3251 (1).jpg,Jaén Museum/3251 (2).jpg,Jaén Museum/3251 (3).jpg,Jaén Museum/3251 (4).jpg,,,High,
3252,Marroquíes Bajos,AXE,Jaén Museum/3252 (1).jpg,Jaén Museum/3252 (2).jpg,Jaén Museum/3252 (3).jpg,Jaén Museum/3252 (4).jpg,,,High,
3462,Castellar,AXE,Jaén Museum/3462 (1).jpg,Jaén Museum/3462 (2).jpg,Jaén Museum/3462 (3).jpg,Jaén Museum/3462 (4).jpg,,,High,
3463,Castellar,AXE,Jaén Museum/3463 (1).jpg,Jaén Museum/3463 (2).jpg,Jaén Museum/3463 (3).jpg,Jaén Museum/3463 (4).jpg,,,High,
3464,Castellar,AXE,Jaén Museum/3464 (1).jpg,Jaén Museum/3464 (2).jpg,Jaén Museum/3464 (3).jpg,Jaén Museum/3464 (4).jpg,,,High,
3465,Castellar,AXE,Jaén Museum/3465 (1).jpg,Jaén Museum/3465 (2).jpg,Jaén Museum/3465 (3).jpg,Jaén Museum/3465 (4).jpg,,,High,
3466,Castellar,AXE,Jaén Museum/3466 (1).jpg,Jaén Museum/3466 (2).jpg,Jaén Museum/3466 (3).jpg,Jaén Museum/3466 (4).jpg,,,High,
3467,Castellar,AXE,Jaén Museum/3467 (1).jpg,Jaén Museum/3467 (2).jpg,Jaén Museum/3467 (3).jpg,Jaén Museum/3467 (4).jpg,,,High,
3468,Castellar,AXE,Jaén Museum/3468 (1).jpg,Jaén Museum/3468 (2).jpg,Jaén Museum/3468 (3).jpg,Jaén Museum/3468 (4).jpg,,,High,
3469,Castellar,AXE,Jaén Museum/3469 (1).jpg,Jaén Museum/3469 (2).jpg,Jaén Museum/3469 (3).jpg,Jaén Museum/3469 (4).jpg,,,High,
3470,Castellar,AXE,Jaén Museum/3470 (1).jpg,Jaén Museum/3470 (2).jpg,Jaén Museum/3470 (3).jpg,Jaén Museum/3470 (4).jpg,,,High,
3688,Marroquíes Bajos,AXE,Jaén Museum/3688 (1).jpg,Jaén Museum/3688 (2).jpg,Jaén Museum/3688 (3).jpg,Jaén Museum/3688 (4).jpg,,,High,
3691,Marroquíes Bajos,AXE,Jaén Museum/3691 (1).jpg,Jaén Museum/3691 (2).jpg,Jaén Museum/3691 (3).jpg,Jaén Museum/3691 (4).jpg,,,High,
4881,Marroquíes Bajos,AXE,Jaén Museum/4881 (1).jpg,Jaén Museum/4881 (2).jpg,Jaén Museum/4881 (3).jpg,Jaén Museum/4881 (4).jpg,,,High,
5133,Marroquíes Bajos,AXE,Jaén Museum/5133 (1).jpg,Jaén Museum/5133 (2).jpg,Jaén Museum/5133 (3).jpg,Jaén Museum/5133 (4).jpg,,,High,
5135,Marroquíes Bajos,AXE,Jaén Museum/5135 (1).jpg,Jaén Museum/5135 (2).jpg,Jaén Museum/5135 (3).jpg,Jaén Museum/5135 (4).jpg,,,High,
5719,Marroquíes Bajos,AXE,Jaén Museum/5719 (1).jpg,Jaén Museum/5719 (2).jpg,Jaén Museum/5719 (3).jpg,Jaén Museum/5719 (4).jpg,,,High,
5758,Marroquíes Bajos,AXE,Jaén Museum/5758 (1).jpg,Jaén Museum/5758 (2).jpg,Jaén Museum/5758 (3).jpg,Jaén Museum/5758 (4).jpg,,,High,
5764,Marroquíes Bajos,AXE,Jaén Museum/5764 (1).jpg,Jaén Museum/5764 (2).jpg,Jaén Museum/5764 (3).jpg,Jaén Museum/5764 (4).jpg,,,High,
5765,Marroquíes Bajos,AXE,Jaén Museum/5765 (1).jpg,Jaén Museum/5765 (2).jpg,Jaén Museum/5765 (3).jpg,Jaén Museum/5765 (4).jpg,,,High,
5766,Marroquíes Bajos,AXE,Jaén Museum/5766 (1).jpg,Jaén Museum/5766 (2).jpg,Jaén Museum/5766 (3).jpg,Jaén Museum/5766 (4).jpg,,,High,
5767,Marroquíes Bajos,AXE,Jaén Museum/5767 (1).jpg,Jaén Museum/5767 (2).jpg,Jaén Museum/5767 (3).jpg,Jaén Museum/5767 (4).jpg,,,High,
5768,Marroquíes Bajos,AXE,Jaén Museum/5768 (1).jpg,Jaén Museum/5768 (2).jpg,Jaén Museum/5768 (3).jpg,Jaén Museum/5768 (4).jpg,,,High,
5769,Marroquíes Bajos,AXE,Jaén Museum/5769 (1).jpg,Jaén Museum/5769 (2).jpg,Jaén Museum/5769 (3).jpg,Jaén Museum/5769 (4).jpg,,,High,
5784,Marroquíes Bajos,AXE,Jaén Museum/5784 (1).jpg,Jaén Museum/5784 (2).jpg,Jaén Museum/5784 (3).jpg,Jaén Museum/5784 (4).jpg,,,High,
5836,Marroquíes Bajos,AXE,Jaén Museum/5836 (1).jpg,Jaén Museum/5836 (2).jpg,Jaén Museum/5836 (3).jpg,Jaén Museum/5836 (4).jpg,,,High,
5842,Marroquíes Bajos,AXE,Jaén Museum/5842 (1).jpg,Jaén Museum/5842 (2).jpg,Jaén Museum/5842 (3).jpg,Jaén Museum/5842 (4).jpg,,,High,
5879,Marroquíes Bajos,MCH,Jaén Museum/5879 (1).jpg,Jaén Museum/5879 (2).jpg,Jaén Museum/5879 (3).jpg,Jaén Museum/5879 (4).jpg,,,High,
6018,Mágina,AXE,Jaén Museum/6018 (1).jpg,Jaén Museum/6018 (2).jpg,Jaén Museum/6018 (3).jpg,Jaén Museum/6018 (4).jpg,,,High,
6951,Hinojares,AXE,Jaén Museum/6951 (1).jpg,Jaén Museum/6951 (2).jpg,Jaén Museum/6951 (3).jpg,Jaén Museum/6951 (4).jpg,,,High,
7591,Cástulo,AXE,Jaén Museum/7591 (1).jpg,Jaén Museum/7591 (2).jpg,Jaén Museum/7591 (3).jpg,Jaén Museum/7591 (4).jpg,,,High,
7592,Cástulo,AXE,Jaén Museum/7592 (1).jpg,Jaén Museum/7592 (2).jpg,Jaén Museum/7592 (3).jpg,Jaén Museum/7592 (4).jpg,,,High,
7593,Quesada,AXE,Jaén Museum/7593 (1).jpg,Jaén Museum/7593 (2).jpg,Jaén Museum/7593 (3).jpg,Jaén Museum/7593 (4).jpg,,,High,
7594,Quesada,AXE,Jaén Museum/7594 (1).jpg,Jaén Museum/7594 (2).jpg,Jaén Museum/7594 (3).jpg,Jaén Museum/7594 (4).jpg,,,High,
7595,Quesada,AXE,Jaén Museum/7595 (1).jpg,Jaén Museum/7595 (2).jpg,Jaén Museum/7595 (3).jpg,Jaén Museum/7595 (4).jpg,,,High,
7596,Santa Elena,AXE,Jaén Museum/7596 (1).jpg,Jaén Museum/7596 (2).jpg,Jaén Museum/7596 (3).jpg,Jaén Museum/7596 (4).jpg,,,High,
7597,Santa Elena,AXE,Jaén Museum/7597 (1).jpg,Jaén Museum/7597 (2).jpg,Jaén Museum/7597 (3).jpg,Jaén Museum/7597 (4).jpg,,,High,
7732,Mengíbar,AXE,Jaén Museum/7732 (1).jpg,Jaén Museum/7732 (2).jpg,Jaén Museum/7732 (3).jpg,Jaén Museum/7732 (4).jpg,,,High,
7862,Marroquíes Bajos,AXE,Jaén Museum/7862 (1).jpg,Jaén Museum/7862 (2).jpg,Jaén Museum/7862 (3).jpg,Jaén Museum/7862 (4).jpg,,,High,
912,Quesada,AXE,Jaén Museum/912 (1).jpg,Jaén Museum/912 (2).jpg,Jaén Museum/912 (3).jpg,Jaén Museum/912 (4).jpg,,,High,
3003,Bobadilla,AXE,Jaén Museum/A-3003 (1).jpg,Jaén Museum/A-3003 (2).jpg,Jaén Museum/A-3003 (3).jpg,Jaén Museum/A-3003 (4).jpg,,,High,
3004,Bobadilla,AXE,Jaén Museum/A-3004 (1).jpg,Jaén Museum/A-3004 (2).jpg,Jaén Museum/A-3004 (3).jpg,Jaén Museum/A-3004 (4).jpg,,,High,
3005,Bobadilla,AXE,Jaén Museum/A-3005 (1).jpg,Jaén Museum/A-3005 (2).jpg,Jaén Museum/A-3005 (3).jpg,Jaén Museum/A-3005 (4).jpg,,,High,
12845,Blanquizares,AXE,Museo Almería/Blanquizares 12845.jpg,Museo Almería/Blanquizares 12845 (2).jpg,Museo Almería/Blanquizares 12845 (3).jpg,,,,High,
12869,Blanquizares,AXE,Museo Almería/Blanquizares 12869.jpg,Museo Almería/Blanquizares 12869 (2).jpg,,,,,High,
12870,Blanquizares,AXE,Museo Almería/Blanquizares 12870.jpg,Museo Almería/Blanquizares 12870 (2).jpg,Museo Almería/Blanquizares 12870 (3).jpg,,,,High,
12871,Blanquizares,AXE,Museo Almería/Blanquizares 12871.jpg,Museo Almería/Blanquizares 12871 (2).jpg,Museo Almería/Blanquizares 12871 (3).jpg,,,,High,
12872,Blanquizares,AXE,Museo Almería/Blanquizares 12872.jpg,Museo Almería/Blanquizares 12872 (2).jpg,Museo Almería/Blanquizares 12872 (3).jpg,,,,High,
12873,Blanquizares,AXE,Museo Almería/Blanquizares 12873.jpg,Museo Almería/Blanquizares 12873 (2).jpg,,,,,High,
15348,Blanquizares,AXE,Museo Almería/Blanquizares 15348.jpg,Museo Almería/Blanquizares 15348 (2).jpg,Museo Almería/Blanquizares 15348 (3).jpg,,,,High,
15349,Blanquizares,AXE,Museo Almería/Blanquizares 15349.jpg,Museo Almería/Blanquizares 15349 (2).jpg,Museo Almería/Blanquizares 15349 (3).jpg,,,,High,
15350,Blanquizares,AXE,Museo Almería/Blanquizares 15350.jpg,Museo Almería/Blanquizares 15350 (2).jpg,Museo Almería/Blanquizares 15350 (3).jpg,,,,High,
15351,Blanquizares,AXE,Museo Almería/Blanquizares 15351.jpg,Museo Almería/Blanquizares 15351 (2).jpg,Museo Almería/Blanquizares 15351 (3).jpg,,,,High,
15352,Blanquizares,AXE,Museo Almería/Blanquizares 15352.jpg,Museo Almería/Blanquizares 15352 (2).jpg,Museo Almería/Blanquizares 15352 (3).jpg,,,,High,
15353,Blanquizares,AXE,Museo Almería/Blanquizares 15353.jpg,Museo Almería/Blanquizares 15353 (2).jpg,Museo Almería/Blanquizares 15353 (3).jpg,,,,High,
88256,Blanquizares,AXE,Museo Almería/Blanquizares 88256.jpg,Museo Almería/Blanquizares 88256 (2).jpg,Museo Almería/Blanquizares 88256 (3).jpg,,,,High,
88257,Blanquizares,AXE,Museo Almería/Blanquizares 88257.jpg,Museo Almería/Blanquizares 88257 (2).jpg,Museo Almería/Blanquizares 88257 (3).jpg,,,,High,
88258,Blanquizares,AXE,Museo Almería/Blanquizares 88258.jpg,Museo Almería/Blanquizares 88258 (2).jpg,Museo Almería/Blanquizares 88258 (3).jpg,,,,High,
88259,Blanquizares,AXE,Museo Almería/Blanquizares 88259.jpg,Museo Almería/Blanquizares 88259 (2).jpg,Museo Almería/Blanquizares 88259 (3).jpg,,,,High,
88261,Blanquizares,AXE,Museo Almería/Blanquizares 88261.jpg,Museo Almería/Blanquizares 88261 (2).jpg,Museo Almería/Blanquizares 88261 (3).jpg,,,,High,
88264,Blanquizares,AXE,Museo Almería/Blanquizares 88264.jpg,Museo Almería/Blanquizares 88264 (2).jpg,Museo Almería/Blanquizares 88264 (3).jpg,,,,High,
88265,Blanquizares,AXE,Museo Almería/Blanquizares 88265.jpg,Museo Almería/Blanquizares 88265 (2).jpg,Museo Almería/Blanquizares 88265 (3).jpg,,,,High,
88266,Blanquizares,AXE,Museo Almería/Blanquizares 88266.jpg,Museo Almería/Blanquizares 88266 (2).jpg,Museo Almería/Blanquizares 88266 (3).jpg,,,,High,
88267,Blanquizares,AXE,Museo Almería/Blanquizares 88267.jpg,Museo Almería/Blanquizares 88267 (2).jpg,Museo Almería/Blanquizares 88267 (3).jpg,,,,High,
88268,Blanquizares,AXE,Museo Almería/Blanquizares 88268.jpg,Museo Almería/Blanquizares 88268 (2).jpg,Museo Almería/Blanquizares 88268 (3).jpg,,,,High,
88270,Blanquizares,AXE,Museo Almería/Blanquizares 88270.jpg,Museo Almería/Blanquizares 88270 (2).jpg,Museo Almería/Blanquizares 88270 (3).jpg,,,,High,
88271,Blanquizares,AXE,Museo Almería/Blanquizares 88271.jpg,Museo Almería/Blanquizares 88271 (2).jpg,Museo Almería/Blanquizares 88271 (3).jpg,,,,High,
88272,Blanquizares,AXE,Museo Almería/Blanquizares 88272.jpg,Museo Almería/Blanquizares 88272 (2).jpg,Museo Almería/Blanquizares 88272 (3).jpg,,,,High,
88273,Blanquizares,AXE,Museo Almería/Blanquizares 88273.jpg,Museo Almería/Blanquizares 88273 (2).jpg,Museo Almería/Blanquizares 88273 (3).jpg,,,,High,
88274,Blanquizares,AXE,Museo Almería/Blanquizares 88274.jpg,Museo Almería/Blanquizares 88274 (2).jpg,Museo Almería/Blanquizares 88274 (3).jpg,,,,High,
88275,Blanquizares,AXE,Museo Almería/Blanquizares 88275.jpg,Museo Almería/Blanquizares 88275 (2).jpg,Museo Almería/Blanquizares 88275 (3).jpg,,,,High,
88276,Blanquizares,AXE,Museo Almería/Blanquizares 88276.jpg,Museo Almería/Blanquizares 88276 (2).jpg,Museo Almería/Blanquizares 88276 (3).jpg,,,,High,
88277,Blanquizares,AXE,Museo Almería/Blanquizares 88277.jpg,Museo Almería/Blanquizares 88277 (2).jpg,Museo Almería/Blanquizares 88277 (3).jpg,,,,High,
88278,Blanquizares,AXE,Museo Almería/Blanquizares 88278.jpg,Museo Almería/Blanquizares 88278 (2).jpg,Museo Almería/Blanquizares 88278 (3).jpg,,,,High,
88279,Blanquizares,AXE,Museo Almería/Blanquizares 88279.jpg,Museo Almería/Blanquizares 88279 (2).jpg,Museo Almería/Blanquizares 88279 (3).jpg,,,,High,
88280,Blanquizares,AXE,Museo Almería/Blanquizares 88280.jpg,Museo Almería/Blanquizares 88280 (2).jpg,Museo Almería/Blanquizares 88280 (3).jpg,,,,High,
88281,Blanquizares,AXE,Museo Almería/Blanquizares 88281.jpg,Museo Almería/Blanquizares 88281 (2).jpg,Museo Almería/Blanquizares 88281 (3).jpg,,,,High,
88282,Blanquizares,AXE,Museo Almería/Blanquizares 88282.jpg,Museo Almería/Blanquizares 88282 (2).jpg,Museo Almería/Blanquizares 88282 (3).jpg,,,,High,
88283,Blanquizares,AXE,Museo Almería/Blanquizares 88283.jpg,Museo Almería/Blanquizares 88283 (2).jpg,Museo Almería/Blanquizares 88283 (3).jpg,,,,High,
88284,Blanquizares,AXE,Museo Almería/Blanquizares 88284.jpg,Museo Almería/Blanquizares 88284 (2).jpg,Museo Almería/Blanquizares 88284 (3).jpg,,,,High,
88285,Blanquizares,AXE,Museo Almería/Blanquizares 88285.jpg,Museo Almería/Blanquizares 88285 (2).jpg,Museo Almería/Blanquizares 88285 (3).jpg,,,,High,
88286,Blanquizares,AXE,Museo Almería/Blanquizares 88286.jpg,Museo Almería/Blanquizares 88286 (2).jpg,Museo Almería/Blanquizares 88286 (3).jpg,,,,High,
88287,Blanquizares,AXE,Museo Almería/Blanquizares 88287.jpg,Museo Almería/Blanquizares 88287 (2).jpg,Museo Almería/Blanquizares 88287 (3).jpg,,,,High,
88291,Blanquizares,AXE,Museo Almería/Blanquizares 88291.jpg,Museo Almería/Blanquizares 88291 (2).jpg,Museo Almería/Blanquizares 88291 (3).jpg,,,,High,
88292,Blanquizares,AXE,Museo Almería/Blanquizares 88292.jpg,Museo Almería/Blanquizares 88292 (2).jpg,Museo Almería/Blanquizares 88292 (3).jpg,,,,High,
88293,Blanquizares,AXE,Museo Almería/Blanquizares 88293.jpg,Museo Almería/Blanquizares 88293 (2).jpg,Museo Almería/Blanquizares 88293 (3).jpg,,,,High,
88294,Blanquizares,AXE,Museo Almería/Blanquizares 88294.jpg,Museo Almería/Blanquizares 88294 (2).jpg,Museo Almería/Blanquizares 88294 (3).jpg,,,,High,
88296,Blanquizares,AXE,Museo Almería/Blanquizares 88296.jpg,Museo Almería/Blanquizares 88296 (2).jpg,Museo Almería/Blanquizares 88296 (3).jpg,,,,High,
88297,Blanquizares,AXE,Museo Almería/Blanquizares 88297.jpg,Museo Almería/Blanquizares 88297 (2).jpg,Museo Almería/Blanquizares 88297 (3).jpg,,,,High,
88298,Blanquizares,AXE,Museo Almería/Blanquizares 88298.jpg,Museo Almería/Blanquizares 88298 (2).jpg,Museo Almería/Blanquizares 88298 (3).jpg,,,,High,
14439,Cueva Castillico,AXE,Museo Almería/Castillico 14439.jpg,Museo Almería/Castillico 14439 (2).jpg,Museo Almería/Castillico 14439 (3).jpg,,,,High,
85989,Cerro Moros Alcántara,AXE,Museo Almería/Cerro Moros 85989.jpg,Museo Almería/Cerro Moros 85989 (2).jpg,Museo Almería/Cerro Moros 85989 (3).jpg,,,,Medium,
51362,Cerro Chinchillas,AXE,Museo Almería/Chinchillas 51362.jpg,Museo Almería/Chinchillas 51362 (2).jpg,Museo Almería/Chinchillas 51362 (3).jpg,,,,Medium,
52462,Cerro Chinchillas,AXE,Museo Almería/Chinchillas 52462.jpg,Museo Almería/Chinchillas 52462 (2).jpg,Museo Almería/Chinchillas 52462 (3).jpg,,,,Medium,
88024,MAlm DEC,AXE,Museo Almería/DEC 88024.jpg,Museo Almería/DEC 88024 (2).jpg,Museo Almería/DEC 88024 (3).jpg,,,,High,
341,Millares,AXE,Museo Almería/LM 341.jpg,Museo Almería/LM 341 (2).jpg,Museo Almería/LM 341 (3).jpg,,,,Medium,
51356,Raja de Ortega,AXE,Museo Almería/Raja Ortega 51356.jpg,Museo Almería/Raja Ortega 51356 (2).jpg,Museo Almería/Raja Ortega 51356 (3).jpg,,,,Medium,
51359,Raja de Ortega,AXE,Museo Almería/Raja Ortega 51359.jpg,Museo Almería/Raja Ortega 51359 (2).jpg,Museo Almería/Raja Ortega 51359 (3).jpg,,,,Medium,
51360,Raja de Ortega,AXE,Museo Almería/Raja Ortega 51360.jpg,Museo Almería/Raja Ortega 51360 (2).jpg,Museo Almería/Raja Ortega 51360 (3).jpg,,,,Medium,
85710,Raja de Ortega,AXE,Museo Almería/Raja Ortega 85710.jpg,Museo Almería/Raja Ortega 85710 (2).jpg,Museo Almería/Raja Ortega 85710 (3).jpg,,,,Medium,
85711,Raja de Ortega,AXE,Museo Almería/Raja Ortega 85711.jpg,Museo Almería/Raja Ortega 85711 (2).jpg,Museo Almería/Raja Ortega 85711 (3).jpg,,,,Medium,
85712,Raja de Ortega,PPUL,Museo Almería/Raja Ortega 85712.jpg,Museo Almería/Raja Ortega 85712 (2).jpg,Museo Almería/Raja Ortega 85712 (3).jpg,,,,Medium,
3639,Terrera Ventura,AXE,Museo Almería/TV 3639.jpg,Museo Almería/TV 3639 (2).jpg,Museo Almería/TV 3639 (3).jpg,,,,High,
3640,Terrera Ventura,AXE,Museo Almería/TV 3640.jpg,Museo Almería/TV 3640 (2).jpg,Museo Almería/TV 3640 (3).jpg,,,,High,
3873,Terrera Ventura,AXE,Museo Almería/TV 3873.jpg,Museo Almería/TV 3873 (2).jpg,Museo Almería/TV 3873 (3).jpg,,,,High,
3914,Terrera Ventura,AXE,Museo Almería/TV 3914.jpg,Museo Almería/TV 3914 (2).jpg,Museo Almería/TV 3914 (3).jpg,,,,High,
3961,Terrera Ventura,AXE,Museo Almería/TV 3961.jpg,Museo Almería/TV 3961 (2).jpg,Museo Almería/TV 3961 (3).jpg,,,,High,
3983,Terrera Ventura,AXE,Museo Almería/TV 3983.jpg,Museo Almería/TV 3983 (2).jpg,Museo Almería/TV 3983 (3).jpg,,,,High,
4170,Terrera Ventura,AXE,Museo Almería/TV 4170.jpg,Museo Almería/TV 4170 (2).jpg,,,,,High,
4218,Terrera Ventura,AXE,Museo Almería/TV 4218.jpg,Museo Almería/TV 4218 (2).jpg,Museo Almería/TV 4218 (3).jpg,,,,High,
83914,Terrera Ventura,AXE,Museo Almería/TV 83914.jpg,Museo Almería/TV 83914 (2).jpg,Museo Almería/TV 83914 (3).jpg,,,,High,
83915,Terrera Ventura,AXE,Museo Almería/TV 83915.jpg,Museo Almería/TV 83915 (2).jpg,Museo Almería/TV 83915 (3).jpg,,,,High,
83916,Terrera Ventura,AXE,Museo Almería/TV 83916.jpg,Museo Almería/TV 83916 (2).jpg,Museo Almería/TV 83916 (3).jpg,,,,High,
83917,Terrera Ventura,AXE,Museo Almería/TV 83917.jpg,Museo Almería/TV 83917 (2).jpg,Museo Almería/TV 83917 (3).jpg,,,,High,
83918,Terrera Ventura,AXE,Museo Almería/TV 83918.jpg,Museo Almería/TV 83918 (2).jpg,Museo Almería/TV 83918 (3).jpg,,,,High,
83919,Terrera Ventura,AXE,Museo Almería/TV 83919.jpg,Museo Almería/TV 83919 (2).jpg,Museo Almería/TV 83919 (3).jpg,,,,High,
83920,Terrera Ventura,AXE,Museo Almería/TV 83920.jpg,Museo Almería/TV 83920 (2).jpg,Museo Almería/TV 83920 (3).jpg,,,,High,
83921,Terrera Ventura,AXE,Museo Almería/TV 83921.jpg,Museo Almería/TV 83921 (2).jpg,Museo Almería/TV 83921 (3).jpg,,,,High,
83923,Terrera Ventura,AXE,Museo Almería/TV 83923.jpg,Museo Almería/TV 83923 (2).jpg,Museo Almería/TV 83923 (3).jpg,,,,High,
83924,Terrera Ventura,AXE,Museo Almería/TV 83924.jpg,Museo Almería/TV 83924 (2).jpg,Museo Almería/TV 83924 (3).jpg,,,,High,
83925,Terrera Ventura,AXE,Museo Almería/TV 83925.jpg,Museo Almería/TV 83925 (2).jpg,Museo Almería/TV 83925 (3).jpg,,,,High,
83926,Terrera Ventura,AXE,Museo Almería/TV 83926.jpg,Museo Almería/TV 83926 (2).jpg,Museo Almería/TV 83926 (3).jpg,,,,High,
83927,Terrera Ventura,AXE,Museo Almería/TV 83927.jpg,Museo Almería/TV 83927 (2).jpg,Museo Almería/TV 83927 (3).jpg,,,,High,
83928,Terrera Ventura,AXE,Museo Almería/TV 83928.jpg,Museo Almería/TV 83928 (2).jpg,Museo Almería/TV 83928 (3).jpg,,,,High,
83929,Terrera Ventura,AXE,Museo Almería/TV 83929.jpg,Museo Almería/TV 83929 (2).jpg,Museo Almería/TV 83929 (3).jpg,,,,High,
83930,Terrera Ventura,AXE,Museo Almería/TV 83930.jpg,Museo Almería/TV 83930 (2).jpg,Museo Almería/TV 83930 (3).jpg,,,,High,
83931,Terrera Ventura,AXE,Museo Almería/TV 83931.jpg,Museo Almería/TV 83931 (2).jpg,Museo Almería/TV 83931 (3).jpg,,,,High,
83932,Terrera Ventura,AXE,Museo Almería/TV 83932.jpg,Museo Almería/TV 83932 (2).jpg,Museo Almería/TV 83932 (3).jpg,,,,High,
83933,Terrera Ventura,AXE,Museo Almería/TV 83933.jpg,Museo Almería/TV 83933 (2).jpg,Museo Almería/TV 83933 (3).jpg,,,,High,
83935,Terrera Ventura,AXE,Museo Almería/TV 83935.jpg,Museo Almería/TV 83935 (2).jpg,Museo Almería/TV 83935 (3).jpg,,,,High,
83936,Terrera Ventura,AXE,Museo Almería/TV 83936.jpg,Museo Almería/TV 83936 (2).jpg,Museo Almería/TV 83936 (3).jpg,,,,High,
83937,Terrera Ventura,AXE,Museo Almería/TV 83937.jpg,Museo Almería/TV 83937 (2).jpg,Museo Almería/TV 83937 (3).jpg,,,,High,
83938,Terrera Ventura,AXE,Museo Almería/TV 83938.jpg,Museo Almería/TV 83938 (2).jpg,Museo Almería/TV 83938 (3).jpg,,,,High,
83939,Terrera Ventura,AXE,Museo Almería/TV 83939.jpg,Museo Almería/TV 83939 (2).jpg,Museo Almería/TV 83939 (3).jpg,,,,High,
83940,Terrera Ventura,AXE,Museo Almería/TV 83940.jpg,Museo Almería/TV 83940 (2).jpg,Museo Almería/TV 83940 (3).jpg,,,,High,
83941,Terrera Ventura,AXE,Museo Almería/TV 83941.jpg,Museo Almería/TV 83941 (2).jpg,Museo Almería/TV 83941 (3).jpg,,,,High,
83943,Terrera Ventura,AXE,Museo Almería/TV 83943.jpg,Museo Almería/TV 83943 (2).jpg,Museo Almería/TV 83943 (3).jpg,,,,High,
83944,Terrera Ventura,AXE,Museo Almería/TV 83944.jpg,Museo Almería/TV 83944 (2).jpg,Museo Almería/TV 83944 (3).jpg,,,,High,
83945,Terrera Ventura,AXE,Museo Almería/TV 83945.jpg,Museo Almería/TV 83945 (2).jpg,Museo Almería/TV 83945 (3).jpg,,,,High,
83946,Terrera Ventura,AXE,Museo Almería/TV 83946.jpg,Museo Almería/TV 83946 (2).jpg,Museo Almería/TV 83946 (3).jpg,,,,High,
83947,Terrera Ventura,AXE,Museo Almería/TV 83947.jpg,Museo Almería/TV 83947 (2).jpg,Museo Almería/TV 83947 (3).jpg,,,,High,
83948,Terrera Ventura,AXE,Museo Almería/TV 83948.jpg,Museo Almería/TV 83948 (2).jpg,Museo Almería/TV 83948 (3).jpg,,,,High,
83949,Terrera Ventura,AXE,Museo Almería/TV 83949.jpg,Museo Almería/TV 83949 (2).jpg,Museo Almería/TV 83949 (3).jpg,,,,High,
83950,Terrera Ventura,AXE,Museo Almería/TV 83950.jpg,Museo Almería/TV 83950 (2).jpg,Museo Almería/TV 83950 (3).jpg,,,,High,
83951,Terrera Ventura,AXE,Museo Almería/TV 83951.jpg,Museo Almería/TV 83951 (2).jpg,Museo Almería/TV 83951 (3).jpg,,,,High,
83952,Terrera Ventura,AXE,Museo Almería/TV 83952.jpg,Museo Almería/TV 83952 (2).jpg,Museo Almería/TV 83952 (3).jpg,,,,High,
83953,Terrera Ventura,AXE,Museo Almería/TV 83953.jpg,Museo Almería/TV 83953 (2).jpg,Museo Almería/TV 83953 (3).jpg,,,,High,
83955,Terrera Ventura,AXE,Museo Almería/TV 83955.jpg,Museo Almería/TV 83955 (2).jpg,Museo Almería/TV 83955 (3).jpg,,,,High,
83956,Terrera Ventura,AXE,Museo Almería/TV 83956.jpg,Museo Almería/TV 83956 (2).jpg,Museo Almería/TV 83956 (3).jpg,,,,High,
83958,Terrera Ventura,AXE,Museo Almería/TV 83958.jpg,Museo Almería/TV 83958 (2).jpg,Museo Almería/TV 83958 (3).jpg,,,,High,
83959,Terrera Ventura,AXE,Museo Almería/TV 83959.jpg,Museo Almería/TV 83959 (2).jpg,Museo Almería/TV 83959 (3).jpg,,,,High,
83960,Terrera Ventura,AXE,Museo Almería/TV 83960.jpg,Museo Almería/TV 83960 (2).jpg,Museo Almería/TV 83960 (3).jpg,,,,High,
83961,Terrera Ventura,AXE,Museo Almería/TV 83961.jpg,Museo Almería/TV 83961 (2).jpg,Museo Almería/TV 83961 (3).jpg,,,,High,
83962,Terrera Ventura,AXE,Museo Almería/TV 83962.jpg,Museo Almería/TV 83962 (2).jpg,Museo Almería/TV 83962 (3).jpg,,,,High,
83963,Terrera Ventura,AXE,Museo Almería/TV 83963.jpg,Museo Almería/TV 83963 (2).jpg,Museo Almería/TV 83963 (3).jpg,,,,High,
83964,Terrera Ventura,AXE,Museo Almería/TV 83964.jpg,Museo Almería/TV 83964 (2).jpg,Museo Almería/TV 83964 (3).jpg,,,,High,
83965,Terrera Ventura,AXE,Museo Almería/TV 83965.jpg,Museo Almería/TV 83965 (2).jpg,Museo Almería/TV 83965 (3).jpg,,,,High,
83966,Terrera Ventura,AXE,Museo Almería/TV 83966.jpg,Museo Almería/TV 83966 (2).jpg,Museo Almería/TV 83966 (3).jpg,,,,High,
83967,Terrera Ventura,AXE,Museo Almería/TV 83967.jpg,Museo Almería/TV 83967 (2).jpg,Museo Almería/TV 83967 (3).jpg,,,,High,
83968,Terrera Ventura,AXE,Museo Almería/TV 83968.jpg,Museo Almería/TV 83968 (2).jpg,Museo Almería/TV 83968 (3).jpg,,,,High,
83970,Terrera Ventura,AXE,Museo Almería/TV 83970.jpg,Museo Almería/TV 83970 (2).jpg,Museo Almería/TV 83970 (3).jpg,,,,High,
83971,Terrera Ventura,AXE,Museo Almería/TV 83971.jpg,Museo Almería/TV 83971 (2).jpg,Museo Almería/TV 83971 (3).jpg,,,,High,
83972,Terrera Ventura,AXE,Museo Almería/TV 83972.jpg,Museo Almería/TV 83972 (2).jpg,Museo Almería/TV 83972 (3).jpg,,,,High,
83973,Terrera Ventura,AXE,Museo Almería/TV 83973.jpg,Museo Almería/TV 83973 (2).jpg,Museo Almería/TV 83973 (3).jpg,,,,High,
83983,Terrera Ventura,AXE,Museo Almería/TV 83983.jpg,Museo Almería/TV 83983 (2).jpg,Museo Almería/TV 83983 (3).jpg,,,,High,
83984,Terrera Ventura,AXE,Museo Almería/TV 83984.jpg,Museo Almería/TV 83984 (2).jpg,Museo Almería/TV 83984 (3).jpg,,,,High,
83985,Terrera Ventura,AXE,Museo Almería/TV 83985.jpg,Museo Almería/TV 83985 (2).jpg,Museo Almería/TV 83985 (3).jpg,,,,High,
83986,Terrera Ventura,AXE,Museo Almería/TV 83986.jpg,Museo Almería/TV 83986 (2).jpg,Museo Almería/TV 83986 (3).jpg,,,,High,
83987,Terrera Ventura,AXE,Museo Almería/TV 83987.jpg,Museo Almería/TV 83987 (2).jpg,Museo Almería/TV 83987 (3).jpg,,,,High,
83988,Terrera Ventura,AXE,Museo Almería/TV 83988.jpg,Museo Almería/TV 83988 (2).jpg,Museo Almería/TV 83988 (3).jpg,,,,High,
83989,Terrera Ventura,AXE,Museo Almería/TV 83989.jpg,Museo Almería/TV 83989 (2).jpg,Museo Almería/TV 83989 (3).jpg,,,,High,
15256,Venta de la Rata,AXE,Museo Almería/Venta Rata 15256.jpg,Museo Almería/Venta Rata 15256 (2).jpg,Museo Almería/Venta Rata 15256 (3).jpg,,,,High,
15257,Venta de la Rata,AXE,Museo Almería/Venta Rata 15257.jpg,Museo Almería/Venta Rata 15257 (2).jpg,Museo Almería/Venta Rata 15257 (3).jpg,,,,High,
15258,Venta de la Rata,AXE,Museo Almería/Venta Rata 15258.jpg,Museo Almería/Venta Rata 15258 (2).jpg,Museo Almería/Venta Rata 15258 (3).jpg,,,,High,
15259,Venta de la Rata,AXE,Museo Almería/Venta Rata 15259.jpg,Museo Almería/Venta Rata 15259 (2).jpg,Museo Almería/Venta Rata 15259 (3).jpg,,,,High,
15260,Venta de la Rata,AXE,Museo Almería/Venta Rata 15260.jpg,Museo Almería/Venta Rata 15260 (2).jpg,Museo Almería/Venta Rata 15260 (3).jpg,,,,High,
15261,Venta de la Rata,AXE,Museo Almería/Venta Rata 15261.jpg,Museo Almería/Venta Rata 15261 (2).jpg,Museo Almería/Venta Rata 15261 (3).jpg,,,,High,
15262,Venta de la Rata,AXE,Museo Almería/Venta Rata 15262.jpg,Museo Almería/Venta Rata 15262 (2).jpg,,,,,High,
15263,Venta de la Rata,AXE,Museo Almería/Venta Rata 15263.jpg,Museo Almería/Venta Rata 15263 (2).jpg,Museo Almería/Venta Rata 15263 (3).jpg,,,,High,
15264,Venta de la Rata,AXE,Museo Almería/Venta Rata 15264.jpg,Museo Almería/Venta Rata 15264 (2).jpg,Museo Almería/Venta Rata 15264 (3).jpg,,,,High,
15265,Venta de la Rata,AXE,Museo Almería/Venta Rata 15265.jpg,Museo Almería/Venta Rata 15265 (2).jpg,Museo Almería/Venta Rata 15265 (3).jpg,,,,High,
15266,Venta de la Rata,AXE,Museo Almería/Venta Rata 15266.jpg,Museo Almería/Venta Rata 15266 (2).jpg,Museo Almería/Venta Rata 15266 (3).jpg,,,,High,
15267,Venta de la Rata,AXE,Museo Almería/Venta Rata 15267.jpg,Museo Almería/Venta Rata 15267 (2).jpg,Museo Almería/Venta Rata 15267 (3).jpg,,,,High,
15269,Venta de la Rata,AXE,Museo Almería/Venta Rata 15269.jpg,Museo Almería/Venta Rata 15269 (2).jpg,Museo Almería/Venta Rata 15269 (3).jpg,,,,High,
15270,Venta de la Rata,AXE,Museo Almería/Venta Rata 15270.jpg,Museo Almería/Venta Rata 15270 (2).jpg,Museo Almería/Venta Rata 15270 (3).jpg,,,,High,
6053-5,Millares,AXE,Los Millares/Raw/6053-5 (1).JPG,Los Millares/Raw/6053-5 (2).JPG,Los Millares/Raw/6053-5 (3).JPG,,,,Medium,
10590,Pedroches,AXE,Córdoba Museum/Pedroches 10590 (1).jpg,Córdoba Museum/Pedroches 10590 (2).jpg,Córdoba Museum/Pedroches 10590 (3).jpg,Córdoba Museum/Pedroches 10590 (4).jpg,,,High,structured
10591,Pedroches,AXE,Córdoba Museum/Pedroches 10591 (1).jpg,Córdoba Museum/Pedroches 10591 (2).jpg,Córdoba Museum/Pedroches 10591 (3).jpg,Córdoba Museum/Pedroches 10591 (4).jpg,,,High,structured
27942,Las Aguilillas,AXE,Córdoba Museum/Las Aguilillas 27942 (1).jpg,Córdoba Museum/Las Aguilillas 27942 (2).jpg,Córdoba Museum/Las Aguilillas 27942 (3).jpg,Córdoba Museum/Las Aguilillas 27942 (4).jpg,,,High,structured
27962,MCor DEC,AXE,Córdoba Museum/MCor 27962 (1).jpg,Córdoba Museum/MCor 27962 (2).jpg,Córdoba Museum/MCor 27962 (3).jpg,Córdoba Museum/MCor 27962 (4).jpg,,,High,structured
27971,MCor DEC,AXE,Córdoba Museum/MCor 27971 (1).jpg,Córdoba Museum/MCor 27971 (2).jpg,Córdoba Museum/MCor 27971 (3).jpg,Córdoba Museum/MCor 27971 (4).jpg,,,High,structured
27972,MCor DEC,AXE,Córdoba Museum/MCor 27972 (1).jpg,Córdoba Museum/MCor 27972 (2).jpg,Córdoba Museum/MCor 27972 (3).jpg,Córdoba Museum/MCor 27972 (4).jpg,,,High,structured
27973,MCor DEC,AXE,Córdoba Museum/MCor 27973 (1).jpg,Córdoba Museum/MCor 27973 (2).jpg,Córdoba Museum/MCor 27973 (3).jpg,Córdoba Museum/MCor 27973 (4).jpg,,,High,structured
27974,MCor DEC,AXE,Córdoba Museum/MCor 27974 (1).jpg,Córdoba Museum/MCor 27974 (2).jpg,Córdoba Museum/MCor 27974 (3).jpg,Córdoba Museum/MCor 27974 (4).jpg,,,High,structured
27975,MCor DEC,AXE,Córdoba Museum/MCor 27975 (1).jpg,Córdoba Museum/MCor 27975 (2).jpg,Córdoba Museum/MCor 27975 (3).jpg,Córdoba Museum/MCor 27975 (4).jpg,,,High,structured
27976,MCor DEC,AXE,Córdoba Museum/MCor 27976 (1).jpg,Córdoba Museum/MCor 27976 (2).jpg,Córdoba Museum/MCor 27976 (3).jpg,Córdoba Museum/MCor 27976 (4).jpg,,,High,structured
27977,MCor DEC,AXE,Córdoba Museum/MCor 27977 (1).jpg,Córdoba Museum/MCor 27977 (2).jpg,Córdoba Museum/MCor 27977 (3).jpg,Córdoba Museum/MCor 27977 (4).jpg,,,High,structured
27978,MCor DEC,AXE,Córdoba Museum/MCor 27978 (1).jpg,Córdoba Museum/MCor 27978 (2).jpg,Córdoba Museum/MCor 27978 (3).jpg,Córdoba Museum/MCor 27978 (4).jpg,,,High,structured
27979,MCor DEC,AXE,Córdoba Museum/MCor 27979 (1).jpg,Córdoba Museum/MCor 27979 (2).jpg,Córdoba Museum/MCor 27979 (3).jpg,Córdoba Museum/MCor 27979 (4).jpg,,,High,structured
27980,MCor DEC,AXE,Córdoba Museum/MCor 27980 (1).jpg,Córdoba Museum/MCor 27980 (2).jpg,Córdoba Museum/MCor 27980 (3).jpg,Córdoba Museum/MCor 27980 (4).jpg,,,High,structured
27981,MCor DEC,AXE,Córdoba Museum/MCor 27981 (1).jpg,Córdoba Museum/MCor 27981 (2).jpg,Córdoba Museum/MCor 27981 (3).jpg,Córdoba Museum/MCor 27981 (4).jpg,,,High,structured
27982,MCor DEC,AXE,Córdoba Museum/MCor 27982 (1).jpg,Córdoba Museum/MCor 27982 (2).jpg,Córdoba Museum/MCor 27982 (3).jpg,Córdoba Museum/MCor 27982 (4).jpg,,,High,structured
27983,MCor DEC,AXE,Córdoba Museum/MCor 27983 (1).jpg,Córdoba Museum/MCor 27983 (2).jpg,Córdoba Museum/MCor 27983 (3).jpg,Córdoba Museum/MCor 27983 (4).jpg,,,High,structured
CE 30324/5,El Cañaveralejo,AXE,Córdoba Museum/Cañaveralejo 30324-5 (1).jpg,Córdoba Museum/Cañaveralejo 30324-5 (2).jpg,Córdoba Museum/Cañaveralejo 30324-5 (3).jpg,Córdoba Museum/Cañaveralejo 30324-5 (4).jpg,,,High,structured
1371,Cástulo,MAC,Linares Museum/Cástulo 1371 (1).jpg,Linares Museum/Cástulo 1371 (2).jpg,Linares Museum/Cástulo 1371 (3).jpg,,,,High,structured
1372,Cástulo,MAC,Linares Museum/Cástulo 1372 (1).jpg,Linares Museum/Cástulo 1372 (2).jpg,Linares Museum/Cástulo 1372 (3).jpg,,,,High,structured
2748,Baños de la Encina,AXE,Linares Museum/Baños Encina 2748 (1).jpg,Linares Museum/Baños Encina 2748 (2).jpg,Linares Museum/Baños Encina 2748 (3).jpg,Linares Museum/Baños Encina 2748 (4).jpg,,,High,structured
3176,Baños de la Encina,AXE,Linares Museum/Baños Encina 3176 (1).jpg,Linares Museum/Baños Encina 3176 (2).jpg,Linares Museum/Baños Encina 3176 (3).jpg,Linares Museum/Baños Encina 3176 (4).jpg,,,High,structured
3326,Baños de la Encina,AXE,Linares Museum/Baños Encina 3326 (1).jpg,Linares Museum/Baños Encina 3326 (2).jpg,Linares Museum/Baños Encina 3326 (3).jpg,Linares Museum/Baños Encina 3326 (4).jpg,,,High,structured
3331,Baños de la Encina,AXE,Linares Museum/Baños Encina 3331 (1).jpg,Linares Museum/Baños Encina 3331 (2).jpg,Linares Museum/Baños Encina 3331 (3).jpg,Linares Museum/Baños Encina 3331 (4).jpg,,,High,structured
41,MLin DEC,AXE,Linares Museum/MLin 41 (1).jpg,Linares Museum/MLin 41 (2).jpg,Linares Museum/MLin 41 (3).jpg,Linares Museum/MLin 41 (4).jpg,,,High,structured
43,MLin DEC,AXE,Linares Museum/MLin 43 (1).jpg,Linares Museum/MLin 43 (2).jpg,Linares Museum/MLin 43 (3).jpg,Linares Museum/MLin 43 (4).jpg,,,High,structured
47,MLin DEC,AXE,Linares Museum/MLin 47 (1).jpg,Linares Museum/MLin 47 (2).jpg,Linares Museum/MLin 47 (3).jpg,Linares Museum/MLin 47 (4).jpg,,,High,structured
48,MLin DEC,AXE,Linares Museum/MLin 48 (1).jpg,Linares Museum/MLin 48 (2).jpg,Linares Museum/MLin 48 (3).jpg,Linares Museum/MLin 48 (4).jpg,,,High,structured
49,MLin DEC,AXE,Linares Museum/MLin 49 (1).jpg,Linares Museum/MLin 49 (2).jpg,Linares Museum/MLin 49 (3).jpg,Linares Museum/MLin 49 (4).jpg,,,High,structured
50,MLin DEC,AXE,Linares Museum/MLin 50 (1).jpg,Linares Museum/MLin 50 (2).jpg,Linares Museum/MLin 50 (3).jpg,Linares Museum/MLin 50 (4).jpg,,,High,structured
51,MLin DEC,AXE,Linares Museum/MLin 51 (1).jpg,Linares Museum/MLin 51 (2).jpg,Linares Museum/MLin 51 (3).jpg,Linares Museum/MLin 51 (4).jpg,,,High,structured
56,MLin DEC,HAM,Linares Museum/MLin 56 (1).jpg,Linares Museum/MLin 56 (2).jpg,Linares Museum/MLin 56 (3).jpg,,,,High,structured
61,MLin DEC,HAM,Linares Museum/MLin 61 (1).jpg,Linares Museum/MLin 61 (2).jpg,Linares Museum/MLin 61 (3).jpg,,,,High,structured
63,MLin DEC,HAM,Linares Museum/MLin 63 (1).jpg,Linares Museum/MLin 63 (2).jpg,Linares Museum/MLin 63 (3).jpg,Linares Museum/MLin 63 (4).jpg,,,High,structured
71,MLin DEC,AXE,Linares Museum/MLin 71 (1).jpg,Linares Museum/MLin 71 (2).jpg,Linares Museum/MLin 71 (3).jpg,Linares Museum/MLin 71 (4).jpg,,,High,structured
77,MLin DEC,AXE,Linares Museum/MLin 77 (1).jpg,Linares Museum/MLin 77 (2).jpg,Linares Museum/MLin 77 (3).jpg,Linares Museum/MLin 77 (4).jpg,,,High,structured
79,MLin DEC,AXE,Linares Museum/MLin 79 (1).jpg,Linares Museum/MLin 79 (2).jpg,Linares Museum/MLin 79 (3).jpg,Linares Museum/MLin 79 (4).jpg,,,High,structured
81,MLin DEC,AXE,Linares Museum/MLin 81 (1).jpg,Linares Museum/MLin 81 (2).jpg,Linares Museum/MLin 81 (3).jpg,Linares Museum/MLin 81 (4).jpg,,,High,structured
146,MUbe DEC,AXE,Úbeda Museum/MUbe 146 (1).jpg,Úbeda Museum/MUbe 146 (2).jpg,Úbeda Museum/MUbe 146 (3).jpg,Úbeda Museum/MUbe 146 (4).jpg,,,High,structured
147,MUbe DEC,AXE,Úbeda Museum/MUbe 147 (1).jpg,Úbeda Museum/MUbe 147 (2).jpg,Úbeda Museum/MUbe 147 (3).jpg,Úbeda Museum/MUbe 147 (4).jpg,,,High,structured
151,MUbe DEC,AXE,Úbeda Museum/MUbe 151 (1).jpg,Úbeda Museum/MUbe 151 (2).jpg,Úbeda Museum/MUbe 151 (3).jpg,Úbeda Museum/MUbe 151 (4).jpg,,,High,structured
221,MUbe DEC,AXE,Úbeda Museum/MUbe 221 (1).jpg,Úbeda Museum/MUbe 221 (2).jpg,Úbeda Museum/MUbe 221 (3).jpg,Úbeda Museum/MUbe 221 (4).jpg,,,High,structured
257,MUbe DEC,AXE,Úbeda Museum/MUbe 257 (1).jpg,Úbeda Museum/MUbe 257 (2).jpg,Úbeda Museum/MUbe 257 (3).jpg,Úbeda Museum/MUbe 257 (4).jpg,,,High,structured
258,MUbe DEC,AXE,Úbeda Museum/MUbe 258 (1).jpg,Úbeda Museum/MUbe 258 (2).jpg,Úbeda Museum/MUbe 258 (3).jpg,Úbeda Museum/MUbe 258 (4).jpg,,,High,structured
263,MUbe DEC,AXE,Úbeda Museum/MUbe 263 (1).jpg,Úbeda Museum/MUbe 263 (2).jpg,Úbeda Museum/MUbe 263 (3).jpg,Úbeda Museum/MUbe 263 (4).jpg,,,High,structured
UGR Dep DEC1,UGR Department DEC,AXE,UGR assemblages/Descontextualizado/Raw/DEC 1 (1).jpg,UGR assemblages/Descontextualizado/Raw/DEC 1 (2).jpg,UGR assemblages/Descontextualizado/Raw/DEC 1 (3).jpg,UGR assemblages/UGR trip January 2022/DEC 1.png,,,High,structured
UGR Dep DEC10,UGR Department DEC,AXE,UGR assemblages/Descontextualizado/Raw/DEC 10 (1).jpg,UGR assemblages/Descontextualizado/Raw/DEC 10 (2).jpg,UGR assemblages/Descontextualizado/Raw/DEC 10 (3).jpg,UGR assemblages/UGR trip January 2022/DEC 10.png,,,High,structured
UGR Dep DEC11,UGR Department DEC,AXE,UGR assemblages/Descontextualizado/Raw/DEC 11 (1).jpg,UGR assemblages/Descontextualizado/Raw/DEC 11 (2).jpg,UGR assemblages/Descontextualizado/Raw/DEC 11 (3).jpg,UGR assemblages/UGR trip January 2022/DEC 11.png,,,High,structured
UGR Dep DEC12,UGR Department DEC,AXE,UGR assemblages/Descontextualizado/Raw/DEC 12 (1).jpg,UGR assemblages/Descontextualizado/Raw/DEC 12 (2).jpg,UGR assemblages/Descontextualizado/Raw/DEC 12 (3).jpg,UGR assemblages/UGR trip January 2022/DEC 12.png,,,High,structured
UGR Dep DEC2,UGR Department DEC,AXE,UGR assemblages/Descontextualizado/Raw/DEC 2 (1).jpg,UGR assemblages/Descontextualizado/Raw/DEC 2 (2).jpg,UGR assemblages/Descontextualizado/Raw/DEC 2 (3).jpg,UGR assemblages/UGR trip January 2022/DEC 2.png,,,High,structured
UGR Dep DEC28,UGR Department DEC,AXE,UGR assemblages/Descontextualizado/Raw/DEC 28 (1).jpg,UGR assemblages/Descontextualizado/Raw/DEC 28 (2).jpg,UGR assemblages/Descontextualizado/Raw/DEC 28 (3).jpg,,,,High,structured
UGR Dep DEC29,UGR Department DEC,AXE,UGR assemblages/Descontextualizado/Raw/DEC 29 (1).jpg,UGR assemblages/Descontextualizado/Raw/DEC 29 (2).jpg,UGR assemblages/Descontextualizado/Raw/DEC 29 (3).jpg,,,,High,structured
UGR Dep DEC3,UGR Department DEC,AXE,UGR assemblages/Descontextualizado/Raw/DEC 3 (1).jpg,UGR assemblages/Descontextualizado/Raw/DEC 3 (2).jpg,UGR assemblages/Descontextualizado/Raw/DEC 3 (3).jpg,UGR assemblages/UGR trip January 2022/DEC 3.png,,,High,structured
UGR Dep DEC31,UGR Department DEC,AXE,UGR assemblages/Descontextualizado/Raw/DEC 31 (1).jpg,UGR assemblages/Descontextualizado/Raw/DEC 31 (2).jpg,UGR assemblages/Descontextualizado/Raw/DEC 31 (3).jpg,UGR assemblages/Descontextualizado/Raw/DEC 31 (4).jpg,UGR assemblages/Descontextualizado/Sheets/DEC 31.png,,High,structured
UGR Dep DEC32,UGR Department DEC,AXE,UGR assemblages/Descontextualizado/Raw/DEC 32 (1).jpg,UGR assemblages/Descontextualizado/Raw/DEC 32 (2).jpg,UGR assemblages/Descontextualizado/Raw/DEC 32 (3).jpg,UGR assemblages/Descontextualizado/Sheets/DEC 32.png,,,High,structured
UGR Dep DEC33,UGR Department DEC,AXE,UGR assemblages/Descontextualizado/Raw/DEC 33 (1).jpg,UGR assemblages/Descontextualizado/Raw/DEC 33 (2).jpg,UGR assemblages/Descontextualizado/Raw/DEC 33 (3).jpg,,,,High,structured
UGR Dep DEC36,UGR Department DEC,AXE,UGR assemblages/Descontextualizado/Raw/DEC 36 (1).jpg,UGR assemblages/Descontextualizado/Raw/DEC 36 (2).jpg,UGR assemblages/Descontextualizado/Raw/DEC 36 (3).jpg,UGR assemblages/Descontextualizado/Sheets/DEC 36.png,,,High,structured
UGR Dep DEC40,UGR Department DEC,AXE,UGR assemblages/Descontextualizado/Raw/DEC 40 (1).jpg,UGR assemblages/Descontextualizado/Raw/DEC 40 (2).jpg,UGR assemblages/Descontextualizado/Raw/DEC 40 (3).jpg,,,,High,structured
UGR Dep DEC41,UGR Department DEC,AXE,UGR assemblages/Descontextualizado/Raw/DEC 41 (1).jpg,UGR assemblages/Descontextualizado/Raw/DEC 41 (2).jpg,UGR assemblages/Descontextualizado/Raw/DEC 41 (3).jpg,,,,High,structured
UGR Dep DEC42,UGR Department DEC,AXE,UGR assemblages/Descontextualizado/Raw/DEC 42 (1).jpg,UGR assemblages/Descontextualizado/Raw/DEC 42 (2).jpg,UGR assemblages/Descontextualizado/Raw/DEC 42 (3).jpg,,,,High,structured
UGR Dep DEC43,UGR Department DEC,AXE,UGR assemblages/Descontextualizado/Raw/DEC 43 (1).jpg,UGR assemblages/Descontextualizado/Raw/DEC 43 (2).jpg,UGR assemblages/Descontextualizado/Raw/DEC 43 (3).jpg,,,,High,structured
UGR Dep DEC44,UGR Department DEC,AXE,UGR assemblages/Descontextualizado/Raw/DEC 44 (1).jpg,UGR assemblages/Descontextualizado/Raw/DEC 44 (2).jpg,UGR assemblages/Descontextualizado/Raw/DEC 44 (3).jpg,,,,High,structured
UGR Dep DEC6,UGR Department DEC,MAC,UGR assemblages/Descontextualizado/Raw/DEC 6 (1).jpg,UGR assemblages/Descontextualizado/Raw/DEC 6 (2).jpg,UGR assemblages/Descontextualizado/Raw/DEC 6 (3).jpg,UGR assemblages/UGR trip January 2022/DEC 6.png,,,High,structured
UGR Dep DEC7,UGR Department DEC,AXE,UGR assemblages/Descontextualizado/Raw/DEC 7 (1).jpg,UGR assemblages/Descontextualizado/Raw/DEC 7 (2).jpg,UGR assemblages/Descontextualizado/Raw/DEC 7 (3).jpg,UGR assemblages/UGR trip January 2022/DEC 7.png,,,High,structured
UGR Dep DEC8,UGR Department DEC,AXE,UGR assemblages/Descontextualizado/Raw/DEC 8 (1).jpg,UGR assemblages/Descontextualizado/Raw/DEC 8 (2).jpg,UGR assemblages/Descontextualizado/Raw/DEC 8 (3).jpg,UGR assemblages/UGR trip January 2022/DEC 8.png,,,High,structured
UGR Dep DEC9,UGR Department DEC,AXE,UGR assemblages/Descontextualizado/Raw/DEC 9 (1).jpg,UGR assemblages/Descontextualizado/Raw/DEC 9 (2).jpg,UGR assemblages/Descontextualizado/Raw/DEC 9 (3).jpg,UGR assemblages/UGR trip January 2022/DEC 9.png,,,High,structured
